Rk,Player,Pos,Age,Tm,G,GS,MP,FG,FGA,FG%,3P,3PA,3P%,2P,2PA,2P%,eFG%,FT,FTA,FT%,ORB,DRB,TRB,AST,STL,BLK,TOV,PF,PS/G
1,Shareef Abdur-Rahim\abdursh01,PF,28,POR,54,49,34.6,6.2,12.4,0.503,0.3,0.7,0.385,6,11.7,0.51,0.514,4.1,4.7,0.866,2.3,5,7.3,2.1,0.9,0.5,2.2,2.8,16.8
2,Cory Alexander\alexaco01,SG,31,CHA,16,1,12.6,1,3.1,0.327,0.5,1.2,0.421,0.5,1.9,0.267,0.408,0.6,0.8,0.75,0.5,1.3,1.8,2.3,0.6,0.1,1.2,1.8,3.1
3,Malik Allen\allenma01,PF,26,TOT,36,1,14.4,2.3,4.9,0.475,0,0,,2.3,4.9,0.475,0.475,0.7,0.8,0.929,1.1,1.6,2.8,0.5,0.3,0.6,0.5,1.5,5.4
3,Malik Allen\allenma01,PF,26,MIA,14,0,17.7,2.5,5.4,0.461,0,0,,2.5,5.4,0.461,0.461,0.9,1,0.929,1.7,2,3.7,0.8,0.3,0.8,0.8,2.1,5.9
3,Malik Allen\allenma01,PF,26,CHA,22,1,12.3,2.2,4.6,0.485,0,0,,2.2,4.6,0.485,0.485,0.6,0.6,0.929,0.7,1.4,2.1,0.3,0.2,0.5,0.3,1.1,5
4,Ray Allen*\allenra02,SG,29,SEA,78,78,39.3,8.2,19.2,0.428,2.7,7.1,0.376,5.5,12,0.459,0.498,4.8,5.5,0.883,1,3.4,4.4,3.7,1.1,0.1,2.2,2.1,23.9
5,Tony Allen\allento01,SG,23,BOS,77,34,16.4,2.4,5,0.475,0.2,0.4,0.387,2.2,4.6,0.483,0.491,1.5,2,0.737,1.1,1.8,2.9,0.8,1,0.3,1,2,6.4
6,Rafer Alston\alstora01,PG,28,TOR,80,78,34,5,12.2,0.414,1.7,4.9,0.357,3.3,7.3,0.451,0.485,2.4,3.2,0.74,0.5,3,3.5,6.4,1.5,0.1,2.1,2.7,14.2
7,Chris Andersen\anderch01,C,26,NOH,67,2,21.3,2.9,5.3,0.534,0,0,0,2.9,5.3,0.538,0.534,2,2.8,0.689,2,4.1,6.1,1.1,0.2,1.5,1,2.1,7.7
8,Derek Anderson\anderde01,SG,30,POR,47,32,26.4,3.2,8.3,0.389,1.2,3.2,0.384,2,5.1,0.392,0.463,1.5,1.9,0.805,0.5,2.2,2.7,3,0.8,0.1,1.5,1.9,9.2
9,Kenny Anderson\anderke01,PG,34,TOT,43,20,17.3,2,4.7,0.423,0.1,0.3,0.462,1.8,4.4,0.42,0.438,0.6,0.9,0.73,0.6,1.5,2,2.4,0.8,0,1.1,2,4.7
9,Kenny Anderson\anderke01,PG,34,ATL,39,20,18.4,2.1,4.9,0.426,0.2,0.3,0.462,1.9,4.5,0.424,0.442,0.7,0.9,0.73,0.6,1.5,2.1,2.5,0.8,0,1.2,2.1,5
9,Kenny Anderson\anderke01,PG,34,LAC,4,0,6.5,1,2.8,0.364,0,0,,1,2.8,0.364,0.364,0,0,,0.3,1,1.3,1.3,0,0,0.8,1.5,2
10,Shandon Anderson\andersh01,SF-SG,31,TOT,66,5,17.7,1.5,3.3,0.452,0.1,0.4,0.172,1.4,2.8,0.495,0.463,0.8,1,0.818,0.6,2.3,2.9,1.1,0.6,0.2,0.8,2.1,3.9
10,Shandon Anderson\andersh01,SG,31,NYK,1,0,20,0,2,0,0,1,0,0,1,0,0,0,0,,1,0,1,0,0,0,1,2,0
10,Shandon Anderson\andersh01,SF,31,MIA,65,5,17.7,1.5,3.3,0.456,0.1,0.4,0.179,1.4,2.9,0.497,0.467,0.8,1,0.818,0.6,2.3,2.9,1.1,0.6,0.2,0.8,2.1,3.9
11,Carmelo Anthony\anthoca01,SF,20,DEN,75,75,34.8,7.1,16.4,0.431,0.6,2.1,0.266,6.5,14.3,0.455,0.448,6.1,7.6,0.796,1.9,3.8,5.7,2.6,0.9,0.4,3,3.1,20.8
12,Rafael Araujo\araujra01,C,24,TOR,59,41,12.5,1.3,3,0.434,0,0.1,0.333,1.3,2.9,0.436,0.437,0.7,0.9,0.782,1,2.1,3.1,0.3,0.4,0.1,0.9,2.7,3.3
13,Gilbert Arenas\arenagi01,PG,23,WAS,80,80,40.9,8.2,19,0.431,2.6,7,0.365,5.6,12,0.469,0.498,6.5,8,0.814,1,3.7,4.7,5.1,1.7,0.3,3,3.1,25.5
14,Trevor Ariza\arizatr01,SF,19,NYK,80,12,17.3,2.2,4.9,0.442,0,0.2,0.231,2.1,4.7,0.449,0.446,1.5,2.2,0.695,1.1,1.9,3,1.1,0.9,0.2,0.9,1.9,5.9
15,Darrell Armstrong\armstda01,PG,36,TOT,66,16,15,1.3,4.2,0.321,0.4,1.7,0.252,0.9,2.5,0.367,0.372,0.9,1,0.853,0.5,1.2,1.7,2.7,0.7,0.1,1,1.4,4
15,Darrell Armstrong\armstda01,PG,36,NOH,14,9,29.4,3.8,11.4,0.333,1.2,5,0.243,2.6,6.4,0.404,0.387,1.4,1.5,0.905,1.1,2.3,3.4,4.6,1.1,0.1,2,2.1,10.1
15,Darrell Armstrong\armstda01,PG,36,DAL,52,7,11.1,0.7,2.3,0.305,0.2,0.8,0.268,0.5,1.5,0.325,0.352,0.8,0.9,0.83,0.4,0.9,1.3,2.2,0.6,0.1,0.8,1.2,2.3
16,Carlos Arroyo\arroyca01,PG,25,TOT,70,16,20.7,2.4,6.1,0.389,0.1,0.4,0.267,2.3,5.7,0.398,0.399,1.7,2.1,0.799,0.4,1.1,1.5,4,0.6,0.1,1.5,2,6.6
16,Carlos Arroyo\arroyca01,PG,25,UTA,30,16,24.7,3.1,7.7,0.401,0.2,0.6,0.389,2.9,7.1,0.402,0.416,1.8,2.1,0.841,0.4,1.2,1.5,5.1,0.7,0.1,1.8,2.2,8.2
16,Carlos Arroyo\arroyca01,PG,25,DET,40,0,17.7,1.9,4.9,0.376,0,0.3,0.083,1.8,4.6,0.395,0.378,1.7,2.2,0.767,0.4,1.1,1.5,3.2,0.6,0,1.3,1.9,5.4
17,Chucky Atkins\atkinch01,PG,30,LAL,82,82,35.4,4.7,11.1,0.426,2.1,5.5,0.387,2.6,5.5,0.466,0.523,2,2.5,0.803,0.4,2,2.4,4.4,0.9,0,1.8,2.2,13.6
18,Stacey Augmon\augmost01,SF,36,ORL,55,7,12.1,1.2,3,0.407,0,0,,1.2,3,0.407,0.407,1,1.4,0.74,0.8,1,1.8,0.7,0.4,0.1,0.6,1.5,3.5
19,Maurice Baker\bakerma01,PG,25,TOT,5,0,3.8,0,0.2,0,0,0,,0,0.2,0,0,0,0,,0.2,0.2,0.4,0.2,0.2,0,0.2,0.6,0
19,Maurice Baker\bakerma01,PG,25,LAC,1,0,1,0,0,,0,0,,0,0,,,0,0,,0,0,0,0,0,0,0,0,0
19,Maurice Baker\bakerma01,PG,25,POR,4,0,4.5,0,0.3,0,0,0,,0,0.3,0,0,0,0,,0.3,0.3,0.5,0.3,0.3,0,0.3,0.8,0
20,Vin Baker\bakervi01,PF-C,33,TOT,27,0,7.6,0.5,1.6,0.31,0,0,0,0.5,1.5,0.317,0.31,0.3,0.6,0.529,0.6,0.8,1.4,0.4,0.1,0.1,0.6,1.4,1.3
20,Vin Baker\bakervi01,PF,33,NYK,24,0,8,0.5,1.6,0.342,0,0,0,0.5,1.5,0.351,0.342,0.3,0.6,0.467,0.7,0.8,1.5,0.4,0.1,0.2,0.6,1.3,1.4
20,Vin Baker\bakervi01,C,33,HOU,3,0,4.3,0,1.3,0,0,0,,0,1.3,0,0,0.7,0.7,1,0,0.7,0.7,0.3,0,0,0.7,2.3,0.7
21,Marcus Banks\banksma01,PG,23,BOS,81,2,14.1,1.4,3.5,0.402,0.3,0.7,0.356,1.2,2.8,0.414,0.439,1.5,2,0.742,0.4,1.2,1.6,1.9,0.8,0.2,1,1.8,4.6
22,Leandro Barbosa\barbole01,PG,22,PHO,63,6,17.3,2.7,5.6,0.475,0.8,2.2,0.367,1.9,3.4,0.544,0.547,0.9,1.1,0.797,0.5,1.6,2.1,2,0.5,0.1,1.4,2,7
23,Matt Barnes\barnema02,SF,24,SAC,43,9,16.6,1.4,3.5,0.411,0.1,0.5,0.227,1.3,3,0.442,0.427,0.8,1.3,0.603,1.1,2,3.1,1.3,0.7,0.2,1,1.9,3.8
24,Andre Barrett\barrean01,PG,22,TOT,38,1,12.7,1.2,3.3,0.363,0.4,1.4,0.269,0.8,1.9,0.431,0.419,0.4,0.5,0.737,0.3,0.8,1.1,1.8,0.5,0,0.7,1.3,3.1
24,Andre Barrett\barrean01,PG,22,HOU,27,0,11.6,0.7,2.6,0.29,0.3,1.4,0.243,0.4,1.2,0.344,0.355,0.3,0.4,0.7,0.2,0.5,0.7,1.6,0.5,0,0.6,1.3,2.1
24,Andre Barrett\barrean01,PG,22,ORL,11,1,15.4,2.3,5,0.455,0.5,1.4,0.333,1.8,3.6,0.5,0.5,0.6,0.8,0.778,0.5,1.4,1.9,2.5,0.5,0.1,1,1.5,5.6
25,Brent Barry\barrybr01,SG,33,SAS,81,8,21.5,2.4,5.7,0.423,1.2,3.5,0.357,1.2,2.2,0.525,0.532,1.4,1.7,0.837,0.4,2,2.3,2.2,0.5,0.2,0.8,1.5,7.4
26,Jon Barry\barryjo01,SG,35,TOT,69,2,21.8,2.3,5.3,0.438,1,2.4,0.43,1.3,2.9,0.443,0.534,0.9,1,0.873,0.4,1.9,2.3,2.4,0.9,0.1,1,1.4,6.6
26,Jon Barry\barryjo01,SG,35,ATL,16,0,17.2,1.9,4.8,0.403,0.7,2,0.344,1.3,2.8,0.444,0.474,0.6,0.8,0.769,0.3,1.1,1.3,1.8,0.9,0.1,0.9,1.8,5.2
26,Jon Barry\barryjo01,SG,35,HOU,53,2,23.2,2.5,5.5,0.447,1.1,2.5,0.451,1.3,3,0.443,0.55,1,1.1,0.897,0.4,2.2,2.6,2.6,0.9,0.1,1,1.3,7
27,Tony Battie\battito01,C,28,ORL,81,32,23.4,2,4.4,0.46,0,0.1,0,2,4.3,0.468,0.46,0.8,1.2,0.723,1.3,4.2,5.6,0.5,0.4,1,1,3,4.9
28,Shane Battier\battish01,SG,26,MEM,80,72,31.5,3.4,7.7,0.442,0.9,2.2,0.395,2.5,5.5,0.461,0.499,2.3,2.9,0.789,2,3.2,5.2,1.6,1.1,1,0.9,2.5,9.9
29,Lonny Baxter\baxtelo01,PF,26,NOH,4,0,9,0.8,2.8,0.273,0,0,,0.8,2.8,0.273,0.273,0,0.5,0,1,1,2,0,0,0,1,2.5,1.5
30,Raja Bell\bellra01,SG,28,UTA,63,32,28.4,4.8,10.6,0.454,0.9,2.1,0.403,4,8.5,0.467,0.495,1.8,2.4,0.747,0.8,2.4,3.2,1.4,0.7,0.1,1.3,3.3,12.3
31,Jonathan Bender\bendejo01,SF,24,IND,7,0,13.3,2.3,5.7,0.4,0.1,0.7,0.2,2.1,5,0.429,0.413,0.4,0.9,0.5,0.7,1.3,2,0.6,0.1,0.3,1.4,1.3,5.1
32,Travis Best\besttr01,PG,32,NJN,76,6,19.2,2.5,5.9,0.42,0.3,1.1,0.306,2.2,4.8,0.447,0.449,1.4,1.6,0.885,0.3,1.2,1.4,1.9,0.9,0.1,0.9,1.9,6.8
33,Mike Bibby\bibbymi01,PG,26,SAC,80,80,38.6,7,15.8,0.443,1.6,4.6,0.36,5.4,11.3,0.477,0.495,4,5.2,0.775,1,3.2,4.2,6.8,1.6,0.4,2.5,2.4,19.6
34,Andris Biedrins\biedran01,C,18,GSW,30,1,12.8,1.5,2.6,0.577,0,0,0,1.5,2.6,0.584,0.577,0.6,1.3,0.475,1.6,2.4,3.9,0.4,0.4,0.8,0.4,2.9,3.6
35,Chauncey Billups\billuch01,PG,28,DET,80,80,35.8,5.1,11.4,0.442,2.1,4.8,0.426,3,6.6,0.454,0.533,4.3,4.8,0.898,0.6,2.8,3.4,5.8,1,0.1,2.3,2.4,16.5
36,Steve Blake\blakest01,PG,24,WAS,44,1,14.7,1.4,4.2,0.328,0.8,2.1,0.387,0.6,2.1,0.269,0.425,0.8,0.9,0.805,0.4,1.2,1.6,1.6,0.3,0,0.9,1.1,4.3
37,Mark Blount\blounma01,C,29,BOS,82,57,26,4,7.5,0.529,0,0,0,4,7.5,0.53,0.529,1.4,2,0.713,1.7,3.1,4.8,1.6,0.4,0.8,1.9,2.8,9.4
38,Tony Bobbitt\bobbito01,SG,25,LAL,2,0,6,1,2.5,0.4,0.5,1,0.5,0.5,1.5,0.333,0.5,0,0,,0,1.5,1.5,0,0,0,0,0.5,2.5
39,Keith Bogans\boganke01,SG,24,CHA,74,42,24.2,3.5,9.3,0.381,0.8,2.3,0.329,2.8,7,0.398,0.422,1.8,2.5,0.727,1,2,3.1,1.8,0.9,0.1,1.6,2.3,9.6
40,Matt Bonner\bonnema01,C,24,TOR,82,0,18.9,3,5.6,0.533,0.5,1.1,0.424,2.5,4.5,0.561,0.576,0.7,0.9,0.789,1.3,2.2,3.5,0.6,0.5,0.2,0.5,2.7,7.2
41,Calvin Booth\boothca01,C,28,TOT,51,1,8.8,1,2.1,0.454,0,0,0,1,2.1,0.458,0.454,0.5,0.6,0.813,0.6,1.5,2.1,0.2,0.3,0.5,0.3,1.5,2.4
41,Calvin Booth\boothca01,C,28,DAL,34,1,7.7,1,2.3,0.43,0,0,0,1,2.3,0.436,0.43,0.4,0.5,0.875,0.5,1.2,1.7,0.1,0.3,0.5,0.2,1.6,2.4
41,Calvin Booth\boothca01,C,28,MIL,17,0,11.1,0.9,1.7,0.517,0,0,,0.9,1.7,0.517,0.517,0.7,0.9,0.75,0.8,2.1,2.9,0.2,0.2,0.7,0.5,1.4,2.5
42,Carlos Boozer\boozeca01,PF,23,UTA,51,51,34.7,7.1,13.6,0.521,0,0,0,7.1,13.6,0.522,0.521,3.7,5.3,0.698,2.8,6.2,9,2.8,0.8,0.5,2.7,3.5,17.8
43,Curtis Borchardt\borchcu01,C,24,UTA,67,23,12.8,1.1,2.6,0.43,0,0,,1.1,2.6,0.43,0.43,0.8,1.1,0.732,1.3,2.1,3.3,0.7,0.1,0.5,0.8,2.4,3
44,Chris Bosh\boshch01,PF,20,TOR,81,81,37.2,5.8,12.4,0.471,0,0.1,0.3,5.8,12.3,0.472,0.472,5.1,6.7,0.76,2.4,6.5,8.9,1.9,0.9,1.4,2.3,2.8,16.8
45,Bruce Bowen\bowenbr01,SF,33,SAS,82,82,32,3.1,7.3,0.42,1.2,3.1,0.403,1.8,4.2,0.432,0.505,0.9,1.4,0.634,0.6,2.9,3.5,1.5,0.7,0.5,0.7,2.1,8.2
46,Ryan Bowen\bowenry01,SF,29,HOU,66,6,9.2,0.7,1.7,0.423,0,0.1,0.5,0.7,1.6,0.419,0.437,0.2,0.3,0.667,0.3,0.8,1.2,0.3,0.3,0.1,0.1,0.9,1.7
47,Earl Boykins\boykiea01,PG,28,DEN,82,5,26.4,4.1,10,0.413,0.7,2,0.337,3.5,8,0.432,0.447,3.4,3.7,0.921,0.5,1.3,1.7,4.5,1,0.1,1.5,1.5,12.4
48,Michael Bradley\bradlmi01,PF,25,TOT,18,0,6.6,0.8,1.3,0.625,0,0.1,0,0.8,1.3,0.652,0.625,0.2,0.4,0.375,0.4,1.1,1.6,0.3,0.1,0.1,0.3,0.7,1.8
48,Michael Bradley\bradlmi01,PF,25,ORL,8,0,6.9,0.4,0.9,0.429,0,0,,0.4,0.9,0.429,0.429,0,0,,0.4,1.4,1.8,0.3,0.1,0.3,0.1,0.5,0.8
48,Michael Bradley\bradlmi01,PF,25,SAC,8,0,6,1,1.5,0.667,0,0,,1,1.5,0.667,0.667,0.3,0.8,0.333,0.6,0.8,1.4,0.3,0,0,0.4,1,2.3
48,Michael Bradley\bradlmi01,PF,25,PHI,2,0,8,2,2.5,0.8,0,0.5,0,2,2,1,0.8,0.5,1,0.5,0,1.5,1.5,0.5,0,0,0.5,0,4.5
49,Shawn Bradley\bradlsh01,C,32,DAL,77,14,11.5,1.1,2.4,0.452,0,0,,1.1,2.4,0.452,0.452,0.6,0.8,0.683,0.9,1.9,2.8,0.2,0.3,0.8,0.4,2,2.7
50,Torraye Braggs\braggto01,PF,28,HOU,7,0,3.4,0.4,1,0.429,0,0,,0.4,1,0.429,0.429,0,0,,1,0.7,1.7,0,0,0,0.3,0.6,0.9
51,Elton Brand\brandel01,PF,25,LAC,81,81,37,7.8,15.4,0.503,0,0,0,7.8,15.4,0.504,0.503,4.5,6,0.752,3.7,5.9,9.5,2.6,0.8,2.1,2.3,3,20
52,Jamison Brewer\breweja01,PG,24,NYK,18,0,10.3,0.6,2.1,0.297,0.2,0.8,0.2,0.4,1.2,0.364,0.338,0.3,0.7,0.462,0.3,0.9,1.2,0.7,0.4,0.1,0.7,0.6,1.7
53,Primoz Brezec\brezepr01,C,25,CHA,72,72,31.6,5.4,10.5,0.512,0,0,,5.4,10.5,0.512,0.512,2.3,3.1,0.745,3.1,4.2,7.4,1.2,0.5,0.8,1.5,2.5,13
54,Damone Brown\brownda02,SF,25,WAS,14,0,10.9,1.6,4.4,0.371,0.3,0.8,0.364,1.4,3.6,0.373,0.403,0.3,0.6,0.444,0.7,1.3,2,1,0.1,0.4,1.1,1.2,3.9
55,Devin Brown\brownde02,SG,26,SAS,67,0,18.5,2.6,6.1,0.423,0.7,1.8,0.372,1.9,4.3,0.444,0.478,1.5,1.9,0.792,0.6,2.1,2.6,1.4,0.6,0.2,0.8,1.2,7.4
56,Kedrick Brown\brownke01,SF,23,PHI,8,0,6.9,0.3,0.8,0.333,0,0.4,0,0.3,0.4,0.667,0.333,1,1.3,0.8,0.1,1.3,1.4,0.5,0.4,0.1,0.6,0.5,1.5
57,Kwame Brown\brownkw01,PF,22,WAS,42,14,21.6,2.6,5.6,0.46,0,0,,2.6,5.6,0.46,0.46,1.8,3.1,0.574,1.7,3.2,4.9,0.9,0.6,0.4,1.6,2.7,7
58,P.J. Brown\brownpj01,PF,35,NOH,82,78,34.4,4.1,9.2,0.446,0,0,,4.1,9.2,0.446,0.446,2.6,3,0.864,3.2,5.7,9,2.2,0.9,0.6,1.2,2.8,10.8
59,Tierre Brown\brownti01,PG,25,LAL,76,0,14,1.6,4.6,0.356,0.3,0.9,0.361,1.3,3.6,0.355,0.394,0.8,1,0.787,0.3,0.9,1.2,2,0.4,0,1,0.8,4.4
60,Rick Brunson\brunsri01,PG,32,LAC,80,39,24.3,2.1,5.5,0.376,0.6,1.6,0.369,1.5,3.9,0.378,0.43,0.7,0.9,0.77,0.3,2.1,2.3,5.1,1,0.1,1.6,1.3,5.5
61,Kobe Bryant\bryanko01,SG,26,LAL,66,66,40.7,8.7,20.1,0.433,2,5.9,0.339,6.7,14.2,0.472,0.482,8.2,10.1,0.816,1.4,4.5,5.9,6,1.3,0.8,4.1,2.6,27.6
62,Greg Buckner\buckngr01,SG,28,DEN,70,41,21.7,2.3,4.3,0.528,0.7,1.7,0.405,1.6,2.6,0.61,0.609,0.9,1.2,0.778,0.9,2,3,1.9,1.1,0.1,0.7,2.4,6.2
63,Rodney Buford\buforro01,SF,27,NJN,64,17,20.5,2.9,7.6,0.382,0.5,1.7,0.315,2.4,6,0.402,0.417,0.6,0.7,0.822,0.5,2.4,3,1,0.6,0.1,0.5,1.6,7
64,Antonio Burks\burksan01,PG,24,MEM,24,0,9.1,1.2,2.5,0.467,0.1,0.5,0.273,1,2,0.51,0.492,0.6,0.8,0.737,0,0.5,0.5,1.2,0.5,0,0.5,1,3
65,Caron Butler\butleca01,SF,24,LAL,77,77,35.7,5.7,12.9,0.445,0.5,1.6,0.304,5.2,11.2,0.465,0.464,3.6,4.1,0.862,1.9,3.9,5.8,1.9,1.4,0.3,1.6,2.8,15.5
66,Jackie Butler\butleja01,C,19,NYK,3,0,1.7,1.3,1.3,1,0,0,,1.3,1.3,1,1,0.7,0.7,1,0,0,0,0,0.3,0,0.3,0,3.3
67,Rasual Butler\butlera01,SF,25,MIA,65,15,18.5,2.5,6.3,0.399,0.9,2.4,0.373,1.6,3.9,0.414,0.468,0.6,0.7,0.771,0.2,2.1,2.3,1,0.3,0.4,0.6,1.6,6.5
68,Zarko Cabarkapa\cabarza01,PF,23,TOT,40,0,11.9,2.2,4.4,0.486,0.3,0.9,0.361,1.8,3.5,0.518,0.523,1.3,1.6,0.815,0.9,1.7,2.6,0.6,0.3,0.1,0.8,1.5,6
68,Zarko Cabarkapa\cabarza01,PF,23,PHO,3,0,3.7,1.3,2.3,0.571,0,0,,1.3,2.3,0.571,0.571,0.3,0.3,1,0.7,0.3,1,0,0,0,0,0,3
68,Zarko Cabarkapa\cabarza01,PF,23,GSW,37,0,12.5,2.2,4.6,0.482,0.4,1,0.361,1.9,3.6,0.515,0.521,1.4,1.7,0.813,0.9,1.8,2.7,0.7,0.3,0.1,0.8,1.6,6.2
69,Marcus Camby\cambyma01,C,30,DEN,66,66,30.5,4.2,9.1,0.465,0,0.1,0,4.2,9,0.468,0.465,1.9,2.6,0.723,2,8,10,2.3,0.9,3,1.6,2.7,10.3
70,Elden Campbell\campbel01,C,36,TOT,40,1,9.8,1,3.1,0.317,0,0.1,0,1,3,0.322,0.317,1.1,1.4,0.764,0.7,1.6,2.3,0.5,0.2,0.2,0.7,1.4,3
70,Elden Campbell\campbel01,C,36,NJN,10,0,5,0,0.7,0,0,0,,0,0.7,0,0,0.2,0.4,0.5,0.3,0.8,1.1,0.3,0,0.1,0.1,1,0.2
70,Elden Campbell\campbel01,C,36,DET,30,1,11.3,1.3,3.9,0.336,0,0.1,0,1.3,3.8,0.342,0.336,1.3,1.7,0.784,0.8,1.9,2.7,0.5,0.3,0.2,0.9,1.6,3.9
71,Brian Cardinal\cardibr01,PF,27,MEM,58,16,24.7,2.8,7.4,0.37,0.8,2.2,0.352,2,5.3,0.378,0.421,2.7,3.1,0.873,1.1,2.8,3.9,2,1.5,0.3,1.4,3,9
72,Geno Carlisle\carlige01,SG,28,POR,6,0,2.7,0.3,0.5,0.667,0,0,,0.3,0.5,0.667,0.667,0.7,1,0.667,0.2,0,0.2,0.2,0,0,0.2,0.2,1.3
73,Matt Carroll\carroma01,SG,24,CHA,25,0,17.2,2.8,7.2,0.389,0.5,1.6,0.333,2.3,5.6,0.404,0.425,2.8,3.3,0.855,0.5,1.9,2.4,0.7,0.7,0.1,1,1.5,9
74,Anthony Carter\cartean01,PG,29,MIN,66,12,11.2,1.1,2.7,0.407,0,0.3,0.118,1.1,2.4,0.438,0.412,0.5,0.8,0.686,0.2,0.9,1,2.4,0.5,0.3,0.9,1.3,2.7
75,Vince Carter\cartevi01,SF-SG,28,TOT,77,76,36.7,9,20,0.452,1.6,4.1,0.406,7.4,15.9,0.463,0.493,4.8,6,0.798,1.4,3.8,5.2,4.2,1.4,0.6,2.2,3.2,24.5
75,Vince Carter\cartevi01,SG,28,TOR,20,20,30.4,6.2,15.1,0.411,1,3,0.322,5.3,12.2,0.432,0.442,2.5,3.6,0.694,1.4,1.9,3.3,3.1,1.3,0.8,1.1,2.8,15.9
75,Vince Carter\cartevi01,SF,28,NJN,57,56,38.9,10,21.7,0.462,1.9,4.5,0.425,8.1,17.3,0.471,0.505,5.6,6.8,0.817,1.4,4.5,5.9,4.7,1.5,0.6,2.6,3.3,27.5
76,Sam Cassell\cassesa01,PG,35,MIN,59,38,25.8,5.4,11.6,0.464,0.5,1.7,0.262,4.9,9.9,0.5,0.484,2.3,2.6,0.865,0.4,2.2,2.7,5.1,0.6,0.2,1.8,2.7,13.5
77,Kelvin Cato\catoke01,C,30,ORL,62,50,24.6,2.6,4.8,0.539,0,0,,2.6,4.8,0.539,0.539,1.8,2.3,0.783,1.6,5.1,6.7,0.6,0.9,1.3,1,2.7,7
78,Lionel Chalmers\chalmli01,PG,24,LAC,36,0,12,1.2,3.5,0.336,0.3,1.4,0.245,0.8,2.1,0.395,0.384,0.4,0.7,0.625,0.1,0.8,0.9,1.4,0.4,0,0.7,0.8,3.1
79,Tyson Chandler\chandty01,C,22,CHI,80,10,27.4,2.6,5.2,0.494,0,0,0,2.6,5.2,0.496,0.494,2.8,4.2,0.673,3.3,6.4,9.7,0.8,0.9,1.8,1.5,3.4,8
80,Calbert Cheaney\cheanca01,SG,33,GSW,55,5,17.3,2.1,4.8,0.426,0,0.1,0,2.1,4.8,0.431,0.426,0.4,0.7,0.649,0.6,1.7,2.3,1.2,0.3,0.3,0.6,1.7,4.5
81,Josh Childress\childjo01,SG,21,ATL,80,44,29.7,3.8,8,0.47,0.2,0.7,0.232,3.6,7.3,0.493,0.481,2.4,2.9,0.823,2.4,3.6,6,1.9,0.9,0.4,1.3,2.3,10.1
82,Doug Christie\chrisdo01,SG,34,TOT,52,44,29.3,2.5,6.4,0.392,0.3,1.2,0.242,2.2,5.2,0.426,0.414,1.3,1.5,0.897,0.7,2.7,3.4,3.8,1.5,0.3,2,2,6.6
82,Doug Christie\chrisdo01,SG,34,SAC,31,31,32.1,2.7,6.6,0.407,0.3,1.3,0.256,2.4,5.3,0.442,0.431,1.6,1.8,0.893,0.9,3,4,4.9,1.4,0.4,2.2,2,7.3
82,Doug Christie\chrisdo01,SG,34,ORL,21,13,25.2,2.2,6.1,0.367,0.2,1.1,0.217,2,5,0.4,0.387,1,1,0.909,0.4,2.1,2.6,2.2,1.8,0.2,1.7,2.1,5.7
83,Speedy Claxton\claxtsp01,PG,26,TOT,62,47,30.1,4.1,9.9,0.421,0.2,1,0.18,4,8.9,0.447,0.43,3,4.1,0.736,0.6,2.4,3,6,1.8,0.1,1.9,3,11.5
83,Speedy Claxton\claxtsp01,PG,26,GSW,46,44,32.6,4.7,10.9,0.431,0.2,1.1,0.192,4.5,9.8,0.459,0.441,3.5,4.6,0.761,0.7,2.6,3.3,6.2,1.9,0.1,2,3.3,13.1
83,Speedy Claxton\claxtsp01,PG,26,NOH,16,3,22.8,2.6,6.9,0.373,0.1,0.6,0.111,2.5,6.3,0.396,0.377,1.6,2.6,0.61,0.3,1.6,1.9,5.5,1.4,0.1,1.7,1.9,6.8
84,Mateen Cleaves\cleavma01,PG,27,SEA,14,0,4.6,0.4,1,0.357,0,0.1,0,0.4,0.9,0.417,0.357,0.2,0.3,0.75,0.1,0.3,0.4,0.5,0.1,0,0.1,0.1,0.9
85,Derrick Coleman\colemde01,C,37,DET,5,0,10,0.6,2.8,0.214,0,0.4,0,0.6,2.4,0.25,0.214,0.6,0.6,1,0.6,2.4,3,0,0,0,0.4,1.2,1.8
86,Jason Collier\collija02,C,27,ATL,70,44,13.5,2.5,5.4,0.463,0.1,0.2,0.429,2.4,5.2,0.464,0.471,0.7,1,0.676,1.2,1.4,2.6,0.3,0.2,0.2,0.9,2.1,5.7
87,Jarron Collins\collija03,C,26,UTA,50,38,19.2,1.3,3.1,0.414,0,0,0,1.3,3.1,0.417,0.414,1.7,2.4,0.697,1.1,2.1,3.3,1.2,0.2,0.1,0.7,2.9,4.3
88,Jason Collins\collija04,C,26,NJN,80,80,31.8,2.3,5.6,0.412,0,0.1,0.333,2.3,5.6,0.413,0.415,1.7,2.6,0.656,1.9,4.2,6.1,1.3,0.9,0.9,1.1,4,6.4
89,Nick Collison\collini01,C,24,SEA,82,4,17,2.3,4.3,0.537,0,0,0,2.3,4.3,0.541,0.537,1,1.4,0.703,1.9,2.7,4.6,0.4,0.4,0.6,0.8,3.1,5.6
90,Brian Cook\cookbr01,C,24,LAL,72,0,15.1,2.4,5.9,0.417,1.1,2.8,0.392,1.4,3.1,0.439,0.509,0.4,0.5,0.757,0.9,2.1,3,0.5,0.3,0.4,0.4,1.9,6.4
91,Omar Cook\cookom01,PG,23,TOR,5,0,14.8,2,4.8,0.417,0,0.8,0,2,4,0.5,0.417,0.6,1.2,0.5,0.4,1,1.4,4.4,1.2,0.2,1.2,1.2,4.6
92,Jamal Crawford\crawfja01,SG,24,NYK,70,67,38.4,6.2,15.7,0.398,2.6,7.3,0.361,3.6,8.4,0.431,0.483,2.6,3.1,0.843,0.5,2.4,2.9,4.3,1.3,0.3,2.1,1.9,17.7
93,Austin Croshere\croshau01,PF,29,IND,73,22,25,2.6,6.8,0.378,0.6,2.4,0.259,2,4.4,0.443,0.424,3.1,3.5,0.883,1.4,3.7,5.1,1.3,0.7,0.2,1.4,2.1,8.9
94,Eddy Curry\curryed01,C,22,CHI,63,60,28.7,6.2,11.6,0.538,0,0,,6.2,11.6,0.538,0.538,3.6,5,0.72,1.8,3.5,5.4,0.6,0.3,0.9,2.6,3.2,16.1
95,Michael Curry\currymi01,SF,36,IND,18,7,13.8,0.7,1.6,0.448,0,0,,0.7,1.6,0.448,0.448,0.2,0.4,0.5,0.4,1.1,1.5,0.8,0.3,0.2,0.3,2.2,1.7
96,Samuel Dalembert\dalemsa01,C,23,PHI,72,60,24.8,3.5,6.6,0.524,0,0,,3.5,6.6,0.524,0.524,1.2,2.1,0.601,2.6,4.9,7.5,0.5,0.6,1.7,1.6,3.3,8.2
97,Erick Dampier\dampier01,C,29,DAL,59,56,27.3,3.4,6.2,0.55,0,0.1,0,3.4,6.2,0.555,0.55,2.3,3.9,0.605,3.1,5.4,8.5,0.9,0.3,1.4,1.7,3.5,9.2
98,Antonio Daniels\daniean01,PG,29,SEA,75,2,27,3.6,8.3,0.438,0.7,2.2,0.297,3,6.1,0.489,0.478,3.3,4.1,0.816,0.3,2,2.3,4.1,0.7,0,1,1,11.2
99,Erik Daniels\danieer01,SF,22,SAC,21,0,3.4,0.3,0.9,0.333,0,0.1,0.5,0.2,0.8,0.313,0.361,0,0,,0.3,0.5,0.9,0.2,0.1,0,0.3,0.3,0.6
100,Marquis Daniels\daniema01,SG,24,DAL,60,17,23.5,3.7,8.4,0.437,0.1,0.6,0.2,3.6,7.8,0.454,0.443,1.6,2.2,0.737,1.5,2.2,3.6,2.1,1.4,0.2,1.4,2.1,9.1
101,Antonio Davis\davisan01,PF,36,CHI,72,62,25.6,2.7,5.8,0.461,0,0,,2.7,5.8,0.461,0.461,1.6,2.1,0.757,2.1,3.8,5.9,1.1,0.4,0.6,1.3,2,7
102,Baron Davis\davisba01,PG,25,TOT,46,32,34.4,6.3,16.3,0.387,2.6,7.7,0.333,3.8,8.7,0.435,0.465,4,5.3,0.761,0.7,3.1,3.8,7.9,1.8,0.3,2.8,2.7,19.2
102,Baron Davis\davisba01,PG,25,NOH,18,13,32.9,6.2,16.8,0.366,2.4,7.6,0.321,3.7,9.2,0.404,0.439,4.1,5.3,0.771,0.9,2.8,3.7,7.2,1.7,0.2,2.1,2.9,18.9
102,Baron Davis\davisba01,PG,25,GSW,28,19,35.3,6.4,16,0.401,2.6,7.8,0.341,3.8,8.3,0.457,0.483,4,5.3,0.755,0.6,3.3,3.9,8.3,1.8,0.4,3.3,2.6,19.5
103,Dale Davis\davisda01,C,35,TOT,61,28,21.4,1.8,3.8,0.479,0,0,,1.8,3.8,0.479,0.479,1,1.6,0.606,2.5,3.7,6.1,0.8,0.5,1.1,0.7,2.7,4.7
103,Dale Davis\davisda01,C,35,GSW,36,3,16,1.3,3,0.413,0,0,,1.3,3,0.413,0.413,0.6,1.1,0.579,1.7,2.6,4.3,0.6,0.4,0.9,0.6,2.2,3.1
103,Dale Davis\davisda01,C,35,IND,25,25,29.2,2.7,5,0.536,0,0,,2.7,5,0.536,0.536,1.5,2.4,0.623,3.6,5.2,8.9,1,0.8,1.3,0.9,3.3,6.9
104,Josh Davis\davisjo02,PF,24,PHI,42,5,7.8,1,2.6,0.378,0.5,1.3,0.358,0.5,1.4,0.397,0.464,0.3,0.4,0.824,0.7,1.2,1.9,0.3,0.2,0.1,0.4,1.1,2.8
105,Ricky Davis\davisri01,SG,25,BOS,82,11,32.9,5.9,12.7,0.462,0.7,2.2,0.339,5.1,10.5,0.488,0.491,3.5,4.3,0.815,0.8,2.2,3,3,1.1,0.3,2.5,2.1,16
106,Andrew DeClercq\declean01,C,31,ORL,8,0,6.1,0.5,1.1,0.444,0,0,,0.5,1.1,0.444,0.444,0.1,0.4,0.333,0.9,0.4,1.3,0,0.3,0,0.1,1.8,1.1
107,Carlos Delfino\delfica01,SG,22,DET,30,4,15.3,1.4,3.9,0.359,0.3,1.2,0.257,1.1,2.7,0.402,0.397,0.8,1.3,0.575,0.4,1.4,1.8,1.3,0.7,0.2,0.8,1.5,3.9
108,Tony Delk\delkto01,SG,31,ATL,56,1,23.9,4.4,10.6,0.416,1.3,3.6,0.356,3.1,6.9,0.447,0.477,1.8,2.4,0.757,0.5,1.8,2.3,1.9,0.8,0.1,1,2.2,11.9
109,Luol Deng\denglu01,SF,19,CHI,61,45,27.3,4.6,10.6,0.434,0.5,1.9,0.265,4.1,8.7,0.472,0.458,2,2.7,0.741,1.5,3.8,5.3,2.2,0.8,0.4,1.9,1.6,11.7
110,Boris Diaw\diawbo01,SG,22,ATL,66,25,18.2,1.9,4.5,0.422,0.1,0.8,0.18,1.7,3.7,0.471,0.437,0.9,1.2,0.74,0.8,1.8,2.6,2.3,0.6,0.3,1.3,1.9,4.8
111,Dan Dickau\dickada01,PG,26,TOT,71,46,29.4,4.3,10.6,0.405,1.2,3.5,0.347,3.1,7.2,0.432,0.461,2.7,3.2,0.833,0.5,2.1,2.5,4.9,1.1,0.1,2,2.8,12.5
111,Dan Dickau\dickada01,PG,26,DAL,4,0,4,0.3,2,0.125,0.3,0.8,0.333,0,1.3,0,0.188,0.5,0.8,0.667,0,0.3,0.3,0.3,0,0,0.3,0.3,1.3
111,Dan Dickau\dickada01,PG,26,NOH,67,46,31,4.6,11.2,0.408,1.3,3.6,0.347,3.3,7.6,0.437,0.464,2.8,3.4,0.836,0.5,2.2,2.7,5.2,1.1,0.1,2.1,3,13.2
112,Kaniel Dickens\dickeka01,SF,26,NJN,11,0,5.5,0.4,1.3,0.286,0.3,0.8,0.333,0.1,0.5,0.2,0.393,0.2,0.2,1,0.3,0.5,0.8,0.1,0.2,0.1,0.2,0.5,1.2
113,DeSagana Diop\diopde01,C,23,CLE,39,0,7.8,0.5,1.8,0.29,0,0.1,0,0.5,1.7,0.299,0.29,0,0.1,0,0.8,1,1.8,0.4,0.2,0.7,0.3,1.4,1
114,Vlade Divac\divacvl01,C,36,LAL,15,0,8.7,0.9,2.1,0.419,0,0,,0.9,2.1,0.419,0.419,0.5,0.8,0.667,1.2,0.9,2.1,1.3,0.3,0.1,0.9,1.7,2.3
115,Juan Dixon\dixonju01,SG,26,WAS,63,4,16.7,3,7.1,0.416,0.8,2.3,0.327,2.2,4.8,0.46,0.47,1.4,1.5,0.897,0.5,1.4,1.9,1.8,0.7,0.1,1.1,1.6,8
116,Michael Doleac\doleami01,C,27,MIA,80,8,14.7,1.9,4.1,0.447,0,0,0,1.9,4.1,0.45,0.447,0.3,0.5,0.61,0.9,2.3,3.2,0.6,0.3,0.3,0.5,2,4
117,Keyon Dooling\doolike01,PG,24,MIA,74,0,16,1.9,4.7,0.403,0.3,1,0.253,1.6,3.6,0.444,0.43,1.1,1.5,0.78,0.1,1.1,1.2,1.8,0.5,0.1,0.9,1.6,5.2
118,Predrag Drobnjak\drobnpr01,C,29,ATL,71,1,20.2,3.4,7.6,0.438,0.4,1,0.352,3,6.6,0.451,0.461,1.4,1.7,0.8,1,2.3,3.4,0.7,0.6,0.3,1.1,1.9,8.4
119,Chris Duhon\duhonch01,PG,22,CHI,82,73,26.5,2.1,6,0.352,1.1,3.2,0.355,1,2.7,0.35,0.449,0.6,0.8,0.731,0.3,2.3,2.6,4.9,1,0,1.5,2.5,5.9
120,Tim Duncan\duncati01,PF,28,SAS,66,66,33.4,7.8,15.8,0.496,0,0.1,0.333,7.8,15.7,0.498,0.498,4.6,6.9,0.67,3.1,8,11.1,2.7,0.7,2.6,1.9,2.2,20.3
121,Mike Dunleavy\dunlemi02,SF,24,GSW,79,79,32.5,5.2,11.5,0.451,1.4,3.5,0.388,3.8,8,0.479,0.51,1.7,2.2,0.779,1.2,4.3,5.5,2.6,1,0.3,1.7,2.5,13.4
122,Ronald Dupree\duprero01,SF,24,DET,47,0,10,1.3,2.7,0.48,0,0,0.5,1.3,2.7,0.48,0.484,0.6,1,0.617,0.7,1.3,2,0.5,0.1,0.2,0.5,1.3,3.2
123,Ndudi Ebi\ebind01,SG,20,MIN,2,0,27,5.5,10.5,0.524,0,0.5,0,5.5,10,0.55,0.524,2.5,4.5,0.556,3,5,8,0.5,0.5,0.5,1.5,3.5,13.5
124,Corsley Edwards\edwarco01,C,25,NOH,10,0,11,1,3.1,0.323,0,0,,1,3.1,0.323,0.323,0.7,1.2,0.583,1.2,1.3,2.5,0.3,0.3,0.4,0.2,1.9,2.7
125,John Edwards\edwarjo01,C,23,IND,25,1,5.6,0.4,1.2,0.367,0,0,,0.4,1.2,0.367,0.367,0.3,0.6,0.5,0.3,0.4,0.8,0.1,0.1,0.2,0.3,0.5,1.2
126,Howard Eisley\eisleho01,PG,32,UTA,74,1,19.3,2.2,5.5,0.398,0.4,1.4,0.262,1.8,4.1,0.444,0.431,0.9,1.1,0.795,0.2,1,1.2,3.4,0.6,0.1,1.5,2.1,5.6
127,Obinna Ekezie\ekeziob01,C,29,ATL,42,31,17.4,1.9,4.3,0.434,0,0,0,1.9,4.3,0.436,0.434,1.7,2.2,0.774,1.6,2.6,4.3,0.3,0.5,0.3,1.1,3.1,5.5
128,Francisco Elson\elsonfr01,C,28,DEN,67,11,14,1.5,3.2,0.468,0,0,0.333,1.5,3.2,0.469,0.47,0.7,1.2,0.57,0.9,2.1,3,0.5,0.5,0.6,0.6,1.9,3.7
129,Melvin Ely\elyme01,PF,26,CHA,79,17,20.9,2.9,6.7,0.432,0,0,,2.9,6.7,0.432,0.432,1.5,2.7,0.575,1.8,2.3,4.1,1,0.4,0.9,1.5,2.5,7.3
130,Andre Emmett\emmetan01,SG,22,MEM,8,0,3.5,0.3,0.8,0.333,0,0,,0.3,0.8,0.333,0.333,0.4,0.6,0.6,0,0.3,0.3,0,0,0,0.1,0.5,0.9
131,Maurice Evans\evansma01,SG,26,SAC,65,11,19,2.5,5.7,0.442,0.4,1.3,0.329,2.1,4.5,0.474,0.479,0.9,1.2,0.756,1.4,1.7,3.1,0.7,0.6,0.1,0.5,1.6,6.4
132,Reggie Evans\evansre01,PF,24,SEA,79,79,23.8,1.7,3.5,0.476,0,0,0,1.7,3.5,0.48,0.476,1.6,3,0.534,3.2,6.1,9.3,0.7,0.7,0.2,1.3,2.6,4.9
133,Michael Finley\finlemi01,SG,31,DAL,64,64,36.8,6,14.2,0.427,1.8,4.5,0.407,4.2,9.7,0.436,0.491,1.8,2.1,0.831,0.7,3.4,4.1,2.6,0.8,0.3,0.9,1.9,15.7
134,Derek Fisher\fishede01,PG,30,GSW,74,32,30,4,10.2,0.393,1.5,3.9,0.371,2.6,6.3,0.407,0.465,2.4,2.7,0.862,0.5,2.4,2.9,4.1,1,0.1,1.7,2.4,11.9
135,Marcus Fizer\fizerma01,PF,26,MIL,54,0,16.7,2.5,5.4,0.455,0,0.1,0,2.5,5.3,0.465,0.455,1.3,1.9,0.68,0.5,2.7,3.2,1.2,0.5,0.2,1.2,1.8,6.2
136,Luis Flores\florelu01,PG,23,TOT,16,0,4.8,0.9,1.8,0.483,0.3,0.6,0.5,0.6,1.2,0.474,0.569,0.1,0.1,1,0.1,0.1,0.2,0.7,0.1,0,0.7,0.6,2.2
136,Luis Flores\florelu01,PG,23,GSW,15,0,4.9,0.9,1.8,0.481,0.3,0.6,0.444,0.6,1.2,0.5,0.556,0.1,0.1,1,0,0.1,0.1,0.7,0.1,0,0.7,0.6,2.1
136,Luis Flores\florelu01,PG,23,DEN,1,0,4,1,2,0.5,1,1,1,0,1,0,0.75,0,0,,1,0,1,0,0,0,0,0,3
137,Danny Fortson\fortsda01,C,28,SEA,62,0,16.9,1.9,3.6,0.522,0,0,,1.9,3.6,0.522,0.522,3.7,4.2,0.88,2.5,3.1,5.6,0.1,0.2,0.1,1.5,4.3,7.5
138,Jeff Foster\fosteje01,C,28,IND,61,43,26.1,2.8,5.3,0.519,0,0.1,0,2.8,5.2,0.527,0.519,1.5,2.3,0.634,3.4,5.7,9,0.7,0.8,0.2,0.9,3,7
139,Tremaine Fowlkes\fowlktr01,SF,28,IND,8,0,7,1.1,2.1,0.529,0.1,0.4,0.333,1,1.8,0.571,0.559,0,0.3,0,0.4,0.6,1,0,0.3,0,0.6,0.9,2.4
140,Adonal Foyle\foylead01,C,29,GSW,78,50,21.8,2,4,0.502,0,0,,2,4,0.502,0.502,0.5,0.9,0.556,2.1,3.4,5.5,0.7,0.3,2,0.7,2.6,4.5
141,Richie Frahm\frahmri01,SG,27,POR,43,0,11.6,1.3,3.3,0.4,0.7,1.9,0.388,0.6,1.4,0.417,0.511,0.5,0.6,0.84,0.4,1,1.4,0.7,0.3,0.1,0.3,0.8,3.8
142,Steve Francis\francst01,PG,27,ORL,78,78,38.2,7.2,17.1,0.423,0.5,1.6,0.299,6.7,15.4,0.436,0.438,6.4,7.8,0.823,1.6,4.2,5.8,7,1.4,0.4,4.1,3.5,21.3
143,Matt Freije\freijma01,PF,23,NOH,23,11,19.2,1.6,5.5,0.291,0.6,2.3,0.259,1,3.2,0.315,0.346,0.2,0.3,0.625,0.7,2,2.7,0.9,0.6,0.1,0.7,1.7,4
144,Lawrence Funderburke\fundela01,PF,34,CHI,2,0,10.5,1.5,3,0.5,0,0,,1.5,3,0.5,0.5,1.5,2.5,0.6,0.5,1,1.5,0,0,0,0,1,4.5
145,Dan Gadzuric\gadzuda01,C,26,MIL,81,81,22,3,5.6,0.539,0,0,,3,5.6,0.539,0.539,1.3,2.5,0.538,3.2,5.1,8.3,0.4,0.6,1.3,1,2.8,7.3
146,Reece Gaines\gainere01,PG,24,TOT,21,0,8.9,0.8,2.4,0.34,0.2,0.7,0.286,0.6,1.7,0.361,0.38,0.1,0.2,0.75,0,0.6,0.7,0.3,0.2,0,0.3,0.8,2
146,Reece Gaines\gainere01,PG,24,HOU,10,0,10.8,1,2.7,0.37,0.3,1.2,0.25,0.7,1.5,0.467,0.426,0.3,0.4,0.75,0,1.1,1.1,0.3,0.3,0,0.4,1.2,2.6
146,Reece Gaines\gainere01,PG,24,MIL,11,0,7.2,0.6,2.1,0.304,0.1,0.2,0.5,0.5,1.9,0.286,0.326,0,0,,0.1,0.2,0.3,0.4,0.2,0.1,0.3,0.5,1.4
147,Alex Garcia\garcial01,SG,24,NOH,8,3,18.3,2.3,6.5,0.346,0.6,2.3,0.278,1.6,4.3,0.382,0.394,0.4,0.5,0.75,0.9,1,1.9,2.3,0.5,0.1,1,1.9,5.5
148,Kevin Garnett\garneke01,PF,28,MIN,82,82,38.1,8.3,16.6,0.502,0.1,0.3,0.24,8.3,16.3,0.507,0.504,5.4,6.7,0.811,3,10.5,13.5,5.7,1.5,1.4,2.7,2.5,22.2
149,Pat Garrity\garripa01,PF,28,ORL,71,0,13.5,1.7,4.3,0.402,0.7,2.1,0.333,1,2.2,0.465,0.482,0.4,0.5,0.879,0.3,1.5,1.7,0.4,0.3,0.1,0.4,1.5,4.6
150,Pau Gasol\gasolpa01,PF,24,MEM,56,53,32,6.4,12.4,0.514,0,0.1,0.167,6.4,12.3,0.517,0.514,5,6.6,0.768,2.3,5,7.3,2.4,0.7,1.7,2.4,2.6,17.8
151,Devean George\georgde01,SF,27,LAL,15,3,20.4,2.5,6.9,0.356,1.4,3.9,0.362,1.1,3.1,0.348,0.457,1,1.3,0.75,0.9,2.7,3.5,0.9,0.5,0.1,0.8,2.1,7.3
152,Eddie Gill\gilled01,PG,26,IND,73,3,14,1.1,3.3,0.335,0.5,1.6,0.308,0.6,1.7,0.36,0.409,1,1.1,0.877,0.2,1.3,1.5,1.1,0.8,0.1,0.8,1.4,3.7
153,Kendall Gill\gillke01,SG,36,MIL,14,0,20.3,2.3,5.7,0.4,0.2,0.6,0.333,2.1,5.1,0.408,0.419,1.3,1.4,0.9,0.8,1.9,2.6,1.9,1,0.3,0.6,2.6,6.1
154,Manu Ginobili\ginobma01,SG,27,SAS,74,74,29.6,5,10.5,0.471,1.3,3.5,0.376,3.6,7.1,0.517,0.533,4.8,6,0.803,1,3.4,4.4,3.9,1.6,0.4,2.3,2.6,16
155,Gordan Giricek\giricgo01,SG,27,UTA,81,44,20.5,3.5,7.8,0.448,0.5,1.3,0.362,3,6.5,0.465,0.478,1.4,1.7,0.81,0.3,1.9,2.2,1.7,0.6,0.1,1.1,1.9,8.8
156,Dion Glover\glovedi01,SG,26,SAS,7,0,9.7,1.1,3.1,0.364,0.1,1.1,0.125,1,2,0.5,0.386,1.1,1.4,0.8,0.4,1.1,1.6,0.6,0.4,0.4,0.3,1.3,3.6
157,Anthony Goldwire\goldwan01,PG,33,TOT,33,2,16.3,1.7,4.1,0.419,1,2.4,0.4,0.8,1.7,0.446,0.537,0.8,0.9,0.839,0.3,1.5,1.8,2.4,0.5,0,0.5,1,5.2
157,Anthony Goldwire\goldwan01,PG,33,DET,9,0,6.1,0.4,1.7,0.267,0.3,1,0.333,0.1,0.7,0.167,0.367,0.8,0.9,0.875,0.1,0.8,0.9,0,0,0,0.1,0.6,2
157,Anthony Goldwire\goldwan01,PG,33,MIL,24,2,20.1,2.2,5,0.438,1.2,3,0.408,1,2.1,0.48,0.558,0.8,1,0.826,0.4,1.8,2.1,3.3,0.6,0,0.6,1.1,6.4
158,Drew Gooden\goodedr01,PF,23,CLE,82,80,30.8,5.7,11.5,0.492,0.1,0.3,0.179,5.6,11.2,0.502,0.495,3.1,3.8,0.81,2.5,6.7,9.2,1.6,0.9,0.9,1.6,2.8,14.4
159,Ben Gordon\gordobe01,SG,21,CHI,82,3,24.4,5.3,12.9,0.411,1.6,4,0.405,3.7,8.8,0.414,0.474,2.8,3.3,0.863,0.7,2,2.6,2,0.6,0.1,2.3,2.7,15.1
160,Brian Grant\grantbr01,C,32,LAL,69,8,16.5,1.5,3,0.493,0,0,,1.5,3,0.493,0.493,0.8,1.1,0.722,1.5,2.3,3.7,0.5,0.3,0.3,0.6,2.5,3.8
161,Willie Green\greenwi01,SG,23,PHI,57,21,18.7,2.7,7.4,0.366,0.5,1.8,0.286,2.2,5.6,0.393,0.402,1.7,2.2,0.776,0.4,1.9,2.3,1.8,0.6,0.1,1.3,2.1,7.7
162,Adrian Griffin\griffad01,SF,30,CHI,69,1,9.7,0.8,2.3,0.36,0,0.1,0.222,0.8,2.2,0.368,0.366,0.5,0.6,0.75,0.8,1.4,2.1,0.8,0.6,0.1,0.4,1.1,2.2
163,Eddie Griffin\griffed01,PF,22,MIN,70,0,21.3,2.9,7.5,0.387,1,2.9,0.328,1.9,4.5,0.425,0.451,0.8,1.1,0.718,1.8,4.6,6.5,0.8,0.3,1.7,0.8,1.7,7.5
164,Tom Gugliotta\guglito01,PF,35,TOT,47,9,20.6,2.1,5.1,0.411,0.2,0.6,0.308,1.9,4.6,0.423,0.427,0.7,0.9,0.767,1.2,2.9,4.1,1.4,0.9,0.4,1.2,2.2,5.1
164,Tom Gugliotta\guglito01,PF,35,BOS,20,0,10.9,0.6,1.9,0.297,0,0,,0.6,1.9,0.297,0.297,0.2,0.3,0.667,0.8,1.4,2.2,0.6,0.5,0.2,0.5,1.2,1.3
164,Tom Gugliotta\guglito01,PF,35,ATL,27,9,27.7,3.3,7.6,0.431,0.3,1,0.308,3,6.6,0.449,0.451,1.1,1.4,0.784,1.5,4,5.5,2.1,1.2,0.5,1.8,3,7.9
165,Marcus Haislip\haislma01,PF,24,IND,9,0,11.8,1.4,4.2,0.342,0,0.1,0,1.4,4.1,0.351,0.342,0.7,1.2,0.545,0.6,1.1,1.7,0.3,0.2,0.2,0.7,1.7,3.6
166,Darvin Ham\hamda01,SF,31,DET,47,0,5.9,0.4,0.8,0.459,0,0,,0.4,0.8,0.459,0.459,0.3,0.7,0.387,0.4,0.3,0.7,0.1,0.1,0.1,0.2,0.8,1
167,Richard Hamilton\hamilri01,SG,26,DET,76,76,38.5,6.7,15.3,0.44,0.5,1.6,0.305,6.2,13.7,0.455,0.455,4.8,5.6,0.858,1,2.9,3.9,4.9,1,0.2,2.9,3.1,18.7
168,Zendon Hamilton\hamilze01,C,29,MIL,16,0,9.9,0.7,2,0.344,0,0,,0.7,2,0.344,0.344,1.8,3,0.604,1.1,1.5,2.6,0.4,0.3,0.1,0.8,1.6,3.2
169,Ben Handlogten\handlbe01,C,31,UTA,21,5,14.1,2,4,0.518,0,0,0,2,3.9,0.524,0.518,0.4,0.8,0.529,1.1,2,3.1,0.6,0.3,0.2,0.9,2.6,4.5
170,Anfernee Hardaway\hardaan01,SF,33,NYK,37,0,24.2,3,7,0.423,0.4,1.4,0.3,2.6,5.7,0.452,0.452,0.9,1.2,0.739,0.5,1.9,2.4,2,0.8,0.1,1.4,2.1,7.3
171,Matt Harpring\harprma01,SF,28,UTA,78,55,33.1,5.4,11,0.489,0.1,0.6,0.209,5.2,10.4,0.504,0.494,3.1,4,0.778,2.5,3.6,6.2,1.8,0.9,0.2,1.7,3.2,14
172,Al Harrington\harrial01,SF,24,ATL,66,66,38.6,6.9,14.9,0.459,0.2,1.1,0.216,6.6,13.8,0.479,0.468,3.6,5.3,0.672,2.2,4.8,7,3.2,1.3,0.2,3.1,3.8,17.5
173,Junior Harrington\harriju01,SG,24,NOH,29,7,19,2.2,6.1,0.36,0.2,0.7,0.316,2,5.5,0.365,0.376,1,1.2,0.829,0.4,1.7,2.2,2.1,0.9,0.2,1.4,2.5,5.6
174,Othella Harrington\harriot01,PF,31,CHI,70,28,18.2,3.1,6.1,0.512,0,0,,3.1,6.1,0.512,0.512,1.8,2.5,0.718,1.5,2.7,4.2,0.8,0.3,0.3,1.2,2.7,8
175,Devin Harris\harride01,PG,21,DAL,76,19,15.4,2.1,4.8,0.429,0.6,1.7,0.336,1.5,3.1,0.481,0.489,1,1.4,0.757,0.4,1,1.3,2.2,1,0.3,1.1,1.8,5.7
176,Lucious Harris\harrilu01,SG,34,CLE,73,4,15.5,1.6,4.1,0.395,0.3,0.9,0.323,1.3,3.2,0.415,0.43,0.8,0.9,0.812,0.5,1.1,1.7,0.7,0.4,0.1,0.4,0.9,4.3
177,David Harrison\harrida01,C,22,IND,43,14,17.7,2.5,4.3,0.576,0,0,,2.5,4.3,0.576,0.576,1.2,2.1,0.571,1.1,2,3.1,0.3,0.4,1.3,1.2,3.1,6.1
178,Jason Hart\hartja01,PG,26,CHA,74,27,25.5,3.5,7.7,0.449,0.5,1.3,0.368,3,6.5,0.464,0.479,2.1,2.7,0.785,0.2,2.5,2.7,5,1.3,0.2,1.4,2.3,9.5
179,Donnell Harvey\harvedo01,PF,24,NJN,3,0,5.3,0.7,0.7,1,0,0,,0.7,0.7,1,1,1.3,1.3,1,0.7,1.7,2.3,0.3,0.3,0.3,0.3,0.7,2.7
180,Udonis Haslem\hasleud01,PF,24,MIA,80,80,33.4,4.3,8,0.54,0,0.1,0,4.3,8,0.543,0.54,2.2,2.8,0.791,3,6.1,9.1,1.4,0.8,0.5,1.4,3.3,10.9
181,Trenton Hassell\hassetr01,SG,25,MIN,82,51,25.2,2.7,5.8,0.474,0,0.1,0.091,2.7,5.7,0.483,0.475,1.1,1.4,0.789,1,1.7,2.7,1.6,0.4,0.4,0.8,2.4,6.6
182,Jarvis Hayes\hayesja01,SF,23,WAS,54,22,28.9,3.8,9.8,0.389,0.8,2.3,0.341,3,7.5,0.403,0.428,1.8,2.2,0.839,0.8,3.4,4.2,1.7,0.9,0.2,1.1,2,10.2
183,Brendan Haywood\haywobr01,C,25,WAS,68,68,27.4,3.5,6.3,0.56,0,0,,3.5,6.3,0.56,0.56,2.3,3.8,0.609,3,3.9,6.8,0.8,0.8,1.7,1.4,3.2,9.4
184,Alan Henderson\hendeal01,PF,32,DAL,78,10,15.4,1.5,2.8,0.527,0,0,0,1.5,2.8,0.532,0.527,0.5,1,0.539,2.1,2.4,4.5,0.3,0.4,0.5,0.6,1.9,3.5
185,Nene Hilario\hilarne01,C,22,DEN,55,18,23.9,3.5,7,0.503,0,0,0,3.5,7,0.505,0.503,2.5,3.9,0.66,1.9,4,5.9,1.5,0.9,0.9,1.7,3,9.6
186,Grant Hill*\hillgr01,SF,32,ORL,67,67,34.9,7.7,15.1,0.509,0,0.2,0.231,7.7,15,0.513,0.511,4.2,5.1,0.821,1.1,3.6,4.7,3.3,1.4,0.4,2.4,2.1,19.7
187,Kirk Hinrich\hinriki01,PG,24,CHI,77,77,36.4,5.8,14.6,0.397,1.9,5.3,0.355,3.9,9.3,0.42,0.461,2.2,2.8,0.792,0.4,3.5,3.9,6.4,1.6,0.3,2.3,3.2,15.7
188,Fred Hoiberg\hoibefr01,SG,32,MIN,76,0,16.7,1.8,3.7,0.489,0.9,1.9,0.483,0.9,1.8,0.496,0.613,1.2,1.3,0.873,0.4,2,2.4,1.1,0.7,0.2,0.3,1.4,5.8
189,Robert Horry\horryro01,PF,34,SAS,75,16,18.6,2.1,5,0.419,0.7,1.8,0.37,1.4,3.2,0.447,0.487,1.1,1.5,0.789,1.2,2.4,3.6,1.1,0.9,0.8,0.9,1.8,6
190,Eddie House\houseed01,PG-SG,26,TOT,68,7,13.1,2.4,5.4,0.451,0.6,1.4,0.454,1.8,4,0.45,0.511,0.3,0.4,0.852,0.2,1,1.2,1.4,0.6,0.1,0.5,1,5.8
190,Eddie House\houseed01,SG,26,CHA,13,5,23.1,4.7,10.4,0.452,0.9,2.2,0.414,3.8,8.2,0.462,0.496,0.8,1,0.769,0.2,1.3,1.5,1.8,1.8,0.2,1,1.8,11.1
190,Eddie House\houseed01,SG,26,MIL,5,0,8.2,1.2,3.4,0.353,0.8,1.2,0.667,0.4,2.2,0.182,0.471,0,0,,0,0.6,0.6,1,0.4,0,0,0.6,3.2
190,Eddie House\houseed01,PG,26,SAC,50,2,11,2,4.3,0.458,0.6,1.2,0.452,1.4,3,0.461,0.523,0.3,0.3,0.929,0.3,0.9,1.2,1.3,0.4,0.1,0.4,0.8,4.7
191,Allan Houston\houstal01,SG,33,NYK,20,11,26.6,4.3,10.3,0.415,1.6,4,0.388,2.7,6.3,0.432,0.49,1.8,2.2,0.837,0.2,1,1.2,2.1,0.4,0.1,1.1,2,11.9
192,Dwight Howard\howardw01,PF,19,ORL,82,82,32.6,4.3,8.3,0.52,0,0,0,4.3,8.2,0.521,0.52,3.4,5,0.671,3.5,6.5,10,0.9,0.9,1.7,2,2.8,12
193,Josh Howard\howarjo01,SF,24,DAL,76,76,32.2,5,10.4,0.475,0.4,1.5,0.296,4.5,8.9,0.506,0.497,2.2,3.1,0.733,2.2,4.1,6.4,1.4,1.5,0.6,1.6,2.8,12.6
194,Juwan Howard\howarju01,PF,31,HOU,61,47,26.6,4,8.9,0.451,0,0,0,4,8.9,0.452,0.451,1.6,1.9,0.843,2.1,3.6,5.7,1.5,0.5,0.1,1.3,2.3,9.6
195,Troy Hudson\hudsotr01,PG,28,MIN,79,32,21.9,3.4,8.4,0.401,1.1,3.3,0.345,2.2,5.1,0.436,0.468,0.9,1.1,0.778,0.2,1.1,1.3,3.6,0.3,0.1,1.4,1.5,8.7
196,Larry Hughes\hughela01,SG,26,WAS,61,61,38.7,7.7,17.8,0.43,1,3.4,0.282,6.7,14.4,0.465,0.457,5.8,7.4,0.777,1.2,5,6.3,4.7,2.9,0.3,2.5,2.8,22
197,Ryan Humphrey\humphry01,SF,25,MEM,35,0,9.1,1.2,2.9,0.408,0,0.1,0,1.2,2.9,0.416,0.408,0.5,1.1,0.486,1.4,1.1,2.5,0.2,0.3,0,0.7,1,2.9
198,Kris Humphries\humphkr01,PF,19,UTA,67,4,13,1.7,4.3,0.404,0,0.1,0.333,1.7,4.2,0.406,0.408,0.7,1.5,0.436,1.1,1.9,2.9,0.6,0.4,0.3,0.8,1.4,4.1
199,Brandon Hunter\huntebr01,PF,24,ORL,31,0,7.2,1.2,2.4,0.507,0,0,,1.2,2.4,0.507,0.507,0.7,1.3,0.538,0.8,1.4,2.2,0.1,0.1,0.2,0.7,1.4,3.1
200,Lindsey Hunter\hunteli01,SG,34,DET,76,3,15.1,1.4,4,0.358,0.3,1.1,0.274,1.1,2.9,0.39,0.396,0.6,0.8,0.793,0.5,1.1,1.6,1.7,0.9,0.2,0.9,1.6,3.8
201,Steven Hunter\huntest01,C,23,PHO,76,3,13.8,1.8,2.9,0.614,0,0,0,1.8,2.9,0.616,0.614,1,2.1,0.479,1.3,1.7,3,0.2,0.1,1.3,0.6,1.7,4.6
202,Andre Iguodala\iguodan01,SG,21,PHI,82,82,32.8,3.3,6.7,0.493,0.6,1.7,0.331,2.7,4.9,0.55,0.536,1.9,2.6,0.743,1.1,4.6,5.7,3,1.7,0.6,1.7,2.5,9
203,Zydrunas Ilgauskas\ilgauzy01,C,29,CLE,78,78,33.5,5.9,12.6,0.468,0,0.1,0.286,5.8,12.5,0.469,0.469,5.2,6.4,0.799,3.8,4.8,8.6,1.3,0.7,2.1,2.4,4,16.9
204,Didier Ilunga-Mbenga\mbengdj01,C,24,DAL,15,1,3.9,0.4,0.9,0.429,0,0,,0.4,0.9,0.429,0.429,0.2,0.3,0.75,0.2,0.3,0.5,0,0,0.3,0.3,0.9,1
205,Allen Iverson*\iversal01,PG,29,PHI,75,75,42.3,10.3,24.2,0.424,1.4,4.5,0.308,8.9,19.7,0.451,0.453,8.7,10.5,0.835,0.7,3.3,4,7.9,2.4,0.1,4.6,1.9,30.7
206,Royal Ivey\iveyro01,PG,23,ATL,62,5,13,1.4,3.2,0.429,0,0.1,0.333,1.3,3,0.434,0.437,0.8,1.1,0.701,0.3,1,1.4,1.7,0.6,0.1,0.9,2.3,3.5
207,Bobby Jackson\jacksbo01,SG,31,SAC,25,0,21.4,4.4,10.2,0.427,1.3,3.8,0.344,3,6.4,0.478,0.492,2,2.3,0.862,0.9,2.5,3.4,2.4,0.6,0.1,1.1,2.3,12
208,Jermaine Jackson\jacksje01,SG,28,NYK,21,0,11,0.8,1.6,0.515,0,0.1,0,0.8,1.5,0.548,0.515,0.4,0.6,0.615,0.1,1,1.1,1.1,0.3,0,0.5,1.2,2
209,Jim Jackson\jacksji01,SF,34,TOT,64,27,31,3.9,9.1,0.426,1.9,4.6,0.414,2,4.5,0.439,0.531,0.8,0.9,0.931,0.5,3.7,4.2,2.9,0.5,0.1,1.8,2.4,10.5
209,Jim Jackson\jacksji01,SF,34,HOU,24,24,41.3,4.9,11.8,0.417,2.3,6.1,0.367,2.7,5.7,0.471,0.512,1.3,1.4,0.909,0.4,4.4,4.8,3.6,1,0,2.3,2.8,13.3
209,Jim Jackson\jacksji01,SF,34,PHO,40,3,24.9,3.3,7.5,0.435,1.7,3.7,0.459,1.6,3.8,0.411,0.548,0.6,0.6,0.96,0.6,3.3,3.9,2.4,0.3,0.1,1.5,2.2,8.8
210,Luke Jackson\jackslu02,SF,23,CLE,10,0,4.3,1,2.7,0.37,0.4,0.6,0.667,0.6,2.1,0.286,0.444,0.5,0.6,0.833,0.2,0.4,0.6,0.3,0,0,0.2,0.4,2.9
211,Marc Jackson\jacksma02,C,30,PHI,81,23,24.4,4.2,9,0.465,0,0,0,4.2,9,0.466,0.465,3.6,4.3,0.828,2.3,2.7,5,1,0.4,0.2,1.6,2.1,12
212,Stephen Jackson\jacksst02,SF,26,IND,51,49,35.4,6.5,16.1,0.403,2,5.6,0.36,4.5,10.5,0.426,0.466,3.7,4.5,0.83,0.9,4,4.9,2.3,1.3,0.3,2.4,3,18.7
213,Casey Jacobsen\jacobca01,SG-SF,23,TOT,84,1,21.4,2,4.9,0.404,0.8,2.1,0.373,1.2,2.8,0.429,0.485,1.8,2.3,0.786,0.4,1.6,2,1.3,0.4,0.1,0.8,1.2,6.5
213,Casey Jacobsen\jacobca01,SF,23,PHO,40,0,19.2,1.6,3.9,0.414,0.9,2.2,0.382,0.8,1.7,0.456,0.522,1.2,1.6,0.774,0.4,1.3,1.7,0.9,0.3,0,0.7,1.4,5.3
213,Casey Jacobsen\jacobca01,SG,23,NOH,44,1,23.4,2.3,5.7,0.398,0.7,2,0.364,1.5,3.7,0.417,0.462,2.3,3,0.792,0.4,1.9,2.3,1.7,0.5,0.2,1,1.1,7.6
214,Jerome James\jamesje01,C,29,SEA,80,80,16.6,2.2,4.3,0.509,0,0,0,2.2,4.3,0.512,0.509,0.6,0.8,0.723,1,2,3,0.2,0.3,1.4,1.1,3.5,4.9
215,LeBron James\jamesle01,SF,20,CLE,80,80,42.4,9.9,21.1,0.472,1.4,3.9,0.351,8.6,17.2,0.499,0.504,6,8,0.75,1.4,6,7.4,7.2,2.2,0.7,3.3,1.8,27.2
216,Mike James\jamesmi01,PG,29,TOT,74,5,25.1,4.5,10.1,0.441,1.4,3.5,0.386,3.1,6.6,0.47,0.507,1.5,2,0.752,0.5,2.3,2.8,3.6,0.9,0.1,1.4,2.4,11.8
216,Mike James\jamesmi01,PG,29,MIL,47,0,24.8,4.4,9.8,0.446,1.2,3.2,0.382,3.1,6.6,0.477,0.509,1.4,1.9,0.744,0.5,2.1,2.6,3.9,0.9,0.1,1.7,2.4,11.4
216,Mike James\jamesmi01,PG,29,HOU,27,5,25.6,4.7,10.8,0.433,1.6,4,0.393,3.1,6.8,0.457,0.505,1.6,2,0.764,0.4,2.7,3.2,2.9,0.9,0.1,1,2.2,12.4
217,Antawn Jamison\jamisan01,PF,28,WAS,68,68,38.3,7.6,17.5,0.437,1,3.1,0.341,6.6,14.4,0.457,0.466,3.3,4.4,0.76,2.4,5.3,7.6,2.3,0.8,0.2,1.7,2.2,19.6
218,Marko Jaric\jaricma01,PG,26,LAC,50,41,33.1,3.8,9.1,0.414,1.1,3,0.371,2.7,6.1,0.435,0.475,1.2,1.6,0.72,0.4,2.8,3.2,6.1,1.7,0.3,2,2.1,9.9
219,Al Jefferson\jeffeal01,PF,20,BOS,71,1,14.8,2.7,5.2,0.528,0,0,0,2.7,5.2,0.533,0.528,1.2,1.9,0.63,1.7,2.7,4.4,0.3,0.3,0.8,0.9,2.7,6.7
220,Richard Jefferson\jefferi01,SF,24,NJN,33,33,41.1,7.2,17.1,0.422,0.9,2.7,0.337,6.3,14.4,0.438,0.449,6.9,8.2,0.844,1.5,5.8,7.3,4,1,0.5,4,3.3,22.2
221,Jared Jeffries\jeffrja01,SF,23,WAS,77,71,26.1,2.6,5.6,0.468,0.2,0.7,0.314,2.4,5,0.488,0.486,1.3,2.2,0.584,2,2.9,4.9,2,0.9,0.5,1.5,2.7,6.8
222,Horace Jenkins\jenkiho01,PG,30,DET,15,0,6.9,1,3,0.333,0,0.6,0,1,2.4,0.417,0.333,0.8,0.9,0.923,0.2,0.4,0.6,0.6,0.3,0.1,0.5,0.4,2.8
223,Britton Johnsen\johnsbr01,SF,25,IND,6,1,14.5,1,3.7,0.273,0,0.7,0,1,3,0.333,0.273,0,0,,0.8,0.8,1.7,0.7,0.2,0,0.5,1.7,2
224,Anthony Johnson\johnsan02,PG,30,IND,63,36,27.7,3.2,7.2,0.445,0.7,1.7,0.38,2.6,5.5,0.466,0.49,1.3,1.8,0.752,0.5,2.3,2.8,4.8,0.9,0.2,1.5,2.3,8.4
225,DerMarr Johnson\johnsde03,SG,24,DEN,71,40,17.4,2.6,5.2,0.499,0.7,2.1,0.358,1.9,3.1,0.592,0.57,1.1,1.4,0.792,0.6,1.5,2.1,1.1,0.6,0.3,0.9,2,7.1
226,Ervin Johnson\johnser02,C,37,MIN,46,23,8.9,0.6,1.2,0.519,0,0,1,0.6,1.2,0.509,0.528,0.3,0.5,0.64,0.9,1.5,2.5,0.1,0.2,0.3,0.4,1.9,1.6
227,Joe Johnson\johnsjo02,SF,23,PHO,82,82,39.5,6.6,14.4,0.461,2.2,4.5,0.478,4.5,9.9,0.454,0.536,1.6,2.2,0.75,1.5,3.7,5.1,3.5,1,0.3,1.8,2,17.1
228,Linton Johnson\johnsli01,SF,24,SAS,2,0,7.5,0,1,0,0,0.5,0,0,0.5,0,0,0,0,,0,1.5,1.5,0,0.5,0,0.5,0.5,0
229,Dahntay Jones\jonesda02,SG,24,MEM,52,7,12.5,1.6,3.7,0.437,0.4,1.2,0.383,1.2,2.5,0.462,0.497,0.8,1.2,0.688,0.2,1.1,1.3,0.4,0.3,0.2,0.6,1.6,4.5
230,Damon Jones\jonesda01,PG,28,MIA,82,66,31.4,4,8.9,0.456,2.7,6.4,0.432,1.3,2.5,0.517,0.611,0.8,1,0.791,0.2,2.6,2.8,4.3,0.5,0.1,1.2,1.5,11.6
231,Eddie Jones\jonesed02,SF,33,MIA,80,80,35.5,4.4,10.3,0.428,1.8,4.8,0.372,2.6,5.5,0.477,0.515,2.2,2.7,0.806,0.5,4.6,5.1,2.7,1.1,0.5,1.2,3.1,12.7
232,Fred Jones\jonesfr01,SG,25,IND,77,14,29.5,3.6,8.4,0.425,1.1,3,0.38,2.4,5.4,0.45,0.492,2.3,2.7,0.85,0.4,2.7,3.1,2.5,0.8,0.4,1.5,2.2,10.6
233,James Jones\jonesja02,SF,24,IND,75,24,17.7,1.7,4.2,0.396,0.9,2.2,0.398,0.8,2,0.395,0.5,0.7,0.8,0.855,0.5,1.8,2.3,0.8,0.4,0.4,0.6,1.6,4.9
234,Jumaine Jones\jonesju01,SF,25,LAL,76,23,24.1,2.8,6.4,0.432,1.3,3.4,0.391,1.4,3,0.48,0.537,0.7,1,0.733,1.4,3.8,5.2,0.9,0.6,0.3,0.6,2.2,7.6
235,Mark Jones\jonesma03,SF,29,ORL,10,0,11.6,0.9,3.1,0.29,0,0.4,0,0.9,2.7,0.333,0.29,0.5,1,0.5,0.6,0.7,1.3,0.6,0.5,0.2,0.3,1.6,2.3
236,Chris Kaman\kamanch01,C,22,LAC,63,50,25.9,3.9,7.9,0.497,0,0,0,3.9,7.8,0.498,0.497,1.3,1.9,0.661,2.1,4.6,6.7,1.2,0.4,1.1,1.8,2.9,9.1
237,Jason Kapono\kaponja01,SF,23,CHA,81,14,18.4,3.3,8.3,0.401,1,2.4,0.412,2.3,5.9,0.396,0.461,0.9,1,0.824,0.4,1.6,2,0.8,0.5,0.1,0.6,1.6,8.5
238,Mario Kasun\kasunma01,C,24,ORL,45,0,7.9,1,2.2,0.48,0,0,0,1,2.2,0.485,0.48,0.5,1,0.558,1.2,1.7,2.8,0.2,0.2,0.3,0.6,1.9,2.6
239,Viktor Khryapa\khryavi01,SF,22,POR,32,5,16.3,1.7,3.9,0.435,0.1,0.3,0.364,1.6,3.5,0.442,0.452,0.7,1.3,0.548,0.9,2.5,3.4,0.8,0.6,0.6,1,2.5,4.2
240,Jason Kidd*\kiddja01,PG,31,NJN,66,65,36.9,5.2,13,0.398,2,5.4,0.36,3.2,7.5,0.425,0.473,2.2,2.9,0.74,1.4,6,7.4,8.3,1.9,0.1,2.5,1.7,14.4
241,Andrei Kirilenko\kirilan01,PF,23,UTA,41,37,32.9,5,10.2,0.493,0.6,1.9,0.299,4.5,8.4,0.536,0.52,5,6.3,0.784,2.2,4,6.2,3.2,1.6,3.3,2.2,2.5,15.6
242,Kerry Kittles\kittlke01,SG,30,LAC,11,0,22.1,2.5,6.6,0.384,0.6,1.9,0.333,1.9,4.7,0.404,0.432,0.5,0.9,0.6,0.1,2.8,2.9,1.8,0.7,0.3,0.6,1.1,6.3
243,Brandin Knight\knighbr02,PG,23,HOU,1,0,3,0,1,0,0,0,,0,1,0,0,0,0,,0,0,0,1,0,0,0,0,0
244,Brevin Knight\knighbr01,PG,29,CHA,66,61,29.5,3.8,8.9,0.422,0,0.3,0.15,3.7,8.6,0.432,0.425,2.5,3,0.852,0.3,2.3,2.6,9,2,0.1,2.2,2.9,10.1
245,Kyle Korver\korveky01,SF,23,PHI,82,57,32.5,3.9,9.3,0.418,2.8,6.8,0.405,1.1,2.5,0.453,0.567,1,1.2,0.854,0.5,4.1,4.6,2.2,1.3,0.4,1.3,3.2,11.5
246,Nenad Krstic\krstine01,PF,21,NJN,75,57,26.2,3.7,7.6,0.493,0,0,0,3.7,7.6,0.495,0.493,2.5,3.4,0.725,2.1,3.2,5.3,1,0.4,0.8,1.5,3.7,10
247,Toni Kukoc\kukocto01,SF,36,MIL,53,6,20.7,2,4.8,0.41,0.8,2.2,0.362,1.2,2.6,0.45,0.492,0.8,1.2,0.721,0.6,2.4,3,3,0.7,0.2,1.2,1.3,5.6
248,Ibo Kutluay\kutluib01,SG,30,SEA,5,0,2.4,0,0.2,0,0,0,,0,0.2,0,0,0,0,,0,0.2,0.2,0,0,0,0.4,0.2,0
249,Christian Laettner\laettch01,PF,35,MIA,49,0,15.1,2.2,3.8,0.582,0,0.1,0.143,2.2,3.6,0.599,0.584,0.9,1.2,0.763,0.7,1.9,2.7,0.8,0.7,0.3,0.6,1.6,5.3
250,Raef LaFrentz\lafrera01,PF,28,BOS,80,80,27.5,4.3,8.6,0.496,1,2.8,0.364,3.2,5.8,0.559,0.555,1.5,1.9,0.811,1.9,5,6.9,1.2,0.5,1.2,0.9,3.3,11.1
251,Maciej Lampe\lampema01,C,19,TOT,37,0,10.3,1.3,3.6,0.371,0.1,0.1,0.5,1.3,3.5,0.367,0.379,0.4,0.6,0.682,0.6,1.8,2.4,0.3,0.1,0.2,0.5,1.4,3.1
251,Maciej Lampe\lampema01,C,19,PHO,16,0,7.4,1.1,3.1,0.347,0.1,0.2,0.667,0.9,2.9,0.326,0.367,0.5,0.8,0.667,0.6,1.4,2,0.1,0.1,0.1,0.6,1.3,2.8
251,Maciej Lampe\lampema01,C,19,NOH,21,0,12.4,1.5,4,0.386,0,0,0,1.5,3.9,0.39,0.386,0.3,0.5,0.7,0.7,2,2.7,0.5,0.2,0.2,0.3,1.5,3.4
252,Voshon Lenard\lenarvo01,SG,31,DEN,3,1,18,3.3,8.7,0.385,1.3,4,0.333,2,4.7,0.429,0.462,1.7,2.7,0.625,0,2,2,2,0.3,0,0.7,0.7,9.7
253,Rashard Lewis\lewisra02,SF,25,SEA,71,71,38,7.5,16.2,0.462,2.4,6.1,0.4,5.1,10.1,0.499,0.537,3.1,4,0.777,1.5,3.9,5.5,1.3,1.1,0.9,1.7,2.2,20.5
254,Randy Livingston\livinra01,PG,29,UTA,17,4,13.4,1.3,3.1,0.423,0.3,0.5,0.625,1,2.6,0.386,0.471,0.9,1,0.882,0.2,0.5,0.7,2.6,0.7,0.1,0.8,1.6,3.8
255,Shaun Livingston\livinsh01,PG,19,LAC,30,15,27.1,3,7.2,0.414,0,0.1,0,3,7.1,0.418,0.414,1.5,2,0.746,0.7,2.2,3,5,1.1,0.4,2.5,2.7,7.4
256,Raul Lopez\lopezra01,PG,24,UTA,31,15,16.7,1.8,4.4,0.422,0.6,1.5,0.444,1.2,2.9,0.411,0.496,0.9,1.1,0.818,0.2,1,1.3,4,0.7,0.1,1.5,2.5,5.2
257,Tyronn Lue\luety01,PG,27,TOT,70,49,28.7,4.2,9.3,0.451,0.8,2.2,0.355,3.4,7.1,0.481,0.493,2,2.4,0.861,0.2,1.9,2.1,4.6,0.5,0,1.5,2.4,11.2
257,Tyronn Lue\luety01,PG,27,HOU,21,3,22.8,2.3,5.8,0.393,0.7,2.1,0.333,1.6,3.7,0.429,0.455,0.7,0.9,0.778,0,1.9,1.9,2.8,0.4,0,1.1,2.3,6
257,Tyronn Lue\luety01,PG,27,ATL,49,46,31.2,5,10.9,0.464,0.8,2.2,0.364,4.2,8.6,0.491,0.502,2.6,3,0.871,0.3,1.9,2.2,5.4,0.5,0,1.7,2.4,13.5
258,George Lynch\lynchge01,SF,34,NOH,44,27,21.2,1.5,4.3,0.36,0.3,0.8,0.297,1.3,3.5,0.375,0.389,0.4,0.5,0.739,1.3,2.7,4,2,0.7,0.3,1.3,1.9,3.7
259,Mark Madsen\madsema01,C,29,MIN,41,14,14.7,0.8,1.6,0.515,0,0,,0.8,1.6,0.515,0.515,0.5,1,0.5,1.5,1.6,3.1,0.4,0.2,0.3,0.6,2.5,2.1
260,Corey Maggette\maggeco01,SG,25,LAC,66,60,36.9,6.4,14.9,0.431,0.8,2.5,0.304,5.7,12.4,0.457,0.457,8.5,10,0.857,1.1,4.9,6,3.4,1.1,0.1,3,2.9,22.2
261,Jamaal Magloire\magloja01,C,26,NOH,23,22,30.6,4.3,9.9,0.432,0,0,,4.3,9.9,0.432,0.432,3.2,5.3,0.602,3.4,5.5,8.9,1.3,0.3,1,2.6,3.2,11.7
262,Stephon Marbury\marbust01,PG,27,NYK,82,82,40,7.4,16,0.462,1.4,4,0.354,6,12,0.497,0.506,5.6,6.7,0.834,0.6,2.4,3,8.1,1.5,0.1,2.8,2.3,21.7
263,Shawn Marion\mariosh01,PF,26,PHO,81,81,38.8,7.6,15.9,0.476,1.4,4.2,0.334,6.2,11.7,0.526,0.52,2.8,3.4,0.833,2.9,8.4,11.3,1.9,2,1.5,1.5,2.5,19.4
264,Sean Marks\marksse01,PF,29,SAS,23,0,10.6,1.2,3.5,0.338,0,0.1,0,1.2,3.3,0.351,0.338,1,1.2,0.786,0.8,1.7,2.4,0.3,0.1,0.5,0.6,1.3,3.3
265,Donyell Marshall\marshdo01,PF,31,TOR,65,2,25.3,4,9.1,0.443,2.3,5.6,0.416,1.7,3.5,0.485,0.57,1.1,1.4,0.791,1.5,5.1,6.6,1.2,0.9,0.7,0.6,2.1,11.5
266,Darrick Martin\martida01,PG,33,LAC,11,0,17.3,1.5,4.5,0.32,0.5,1.6,0.278,1,2.9,0.344,0.37,0.5,0.7,0.625,0.3,0.6,0.9,2.5,0.5,0,0.5,1.7,3.8
267,Kenyon Martin\martike01,PF,27,DEN,70,67,32.5,6.3,13,0.49,0,0.2,0,6.3,12.8,0.496,0.49,2.8,4.4,0.646,2.1,5.2,7.3,2.4,1.4,1.1,2.1,3.3,15.5
268,Kevin Martin\martike02,PG,21,SAC,45,0,10.1,1,2.6,0.385,0.1,0.6,0.2,0.9,2,0.435,0.406,0.8,1.2,0.655,0.6,0.6,1.3,0.5,0.4,0.1,0.5,0.8,2.9
269,Desmond Mason\masonde01,SF,27,MIL,80,71,36.2,6,13.5,0.443,0,0.1,0.125,6,13.4,0.445,0.443,5.3,6.6,0.802,1.1,2.8,3.9,2.7,0.7,0.3,2.1,2.5,17.2
270,Tony Massenburg\masseto01,PF,37,SAS,61,6,11.5,1.2,3,0.407,0,0,,1.2,3,0.407,0.407,0.8,1,0.762,0.9,1.8,2.7,0.2,0.3,0.3,0.7,2,3.2
271,Walter McCarty\mccarwa01,PF,30,TOT,72,0,12.6,1.3,3.3,0.404,0.8,2.2,0.355,0.6,1.1,0.5,0.521,0.2,0.4,0.517,0.4,1.5,1.9,0.5,0.3,0.2,0.5,2,3.6
271,Walter McCarty\mccarwa01,PF,30,BOS,44,0,12.6,1.4,3.4,0.413,0.7,2,0.333,0.7,1.4,0.533,0.513,0.2,0.3,0.533,0.5,1.3,1.8,0.6,0.3,0.2,0.4,1.9,3.7
271,Walter McCarty\mccarwa01,PF,30,PHO,28,0,12.6,1.2,3,0.388,0.9,2.3,0.385,0.3,0.7,0.4,0.535,0.3,0.5,0.5,0.3,1.9,2.2,0.4,0.4,0.2,0.7,2.1,3.5
272,Jelani McCoy\mccoyje01,C,27,ATL,10,0,8.8,0.7,1.3,0.538,0,0,,0.7,1.3,0.538,0.538,0.1,0.5,0.2,0.7,1.4,2.1,0,0.3,0.8,0.6,2.4,1.5
273,Antonio McDyess\mcdyean01,PF,30,DET,77,8,23.3,4,7.8,0.513,0,0,0,4,7.8,0.514,0.513,1.6,2.5,0.656,2.3,4,6.3,0.9,0.6,0.7,1.2,2.6,9.6
274,Tracy McGrady*\mcgratr01,SF,25,HOU,78,78,40.8,9.2,21.3,0.431,1.8,5.6,0.326,7.3,15.7,0.468,0.473,5.5,7.1,0.774,0.9,5.3,6.2,5.7,1.7,0.7,2.6,2.1,25.7
275,Jeff McInnis\mcinnje01,PG,30,CLE,76,69,34.9,5,12,0.412,1.2,3.5,0.345,3.8,8.6,0.439,0.462,1.7,2.1,0.813,0.4,1.6,2.1,5.1,0.7,0,1.5,2.3,12.8
276,Aaron McKie\mckieaa01,SG,32,PHI,68,3,16.4,0.9,2.1,0.43,0.3,0.9,0.323,0.6,1.2,0.513,0.5,0.1,0.2,0.625,0.3,2.2,2.5,1.5,0.7,0.3,0.5,1.7,2.2
277,Keith McLeod\mcleoke01,PG,25,UTA,53,47,26.1,2.7,7.7,0.35,0.3,1.4,0.25,2.4,6.3,0.372,0.373,2.1,2.8,0.767,0.4,1.8,2.1,4.5,1.2,0.2,1.9,2.6,7.8
278,Stanislav Medvedenko\medvest01,PF,25,LAL,43,4,9.8,1.7,3.6,0.455,0,0,0,1.7,3.6,0.458,0.455,0.5,0.7,0.821,0.7,1.1,1.8,0.3,0.2,0,0.3,1.5,3.8
279,Ron Mercer\mercero01,SF,28,NJN,18,3,21.7,3.6,8.8,0.411,0,0.2,0,3.6,8.6,0.419,0.411,0.4,0.6,0.7,0.5,1.7,2.2,1.1,0.9,0.1,0.8,1.1,7.6
280,Chris Mihm\mihmch01,C,25,LAL,75,75,24.9,3.7,7.4,0.507,0,0,0,3.7,7.3,0.509,0.507,2.3,3.4,0.678,2.6,4.1,6.7,0.7,0.2,1.4,1.5,3.2,9.8
281,Darius Miles\milesda01,SF,23,POR,63,22,27,5.3,11.1,0.482,0.1,0.4,0.348,5.2,10.7,0.487,0.488,2,3.4,0.6,1.1,3.6,4.7,2,1.2,1.2,2.5,3,12.8
282,Darko Milicic\milicda01,C,19,DET,37,2,6.9,0.7,2.1,0.329,0,0,,0.7,2.1,0.329,0.329,0.5,0.6,0.708,0.1,1.1,1.2,0.2,0.1,0.5,0.4,0.8,1.8
283,Andre Miller\millean02,PG,28,DEN,82,82,34.8,5.2,10.9,0.477,0.1,0.5,0.154,5.1,10.4,0.492,0.48,3.1,3.7,0.838,1.2,2.9,4.1,6.9,1.5,0.1,2.7,2.5,13.6
284,Anthony Miller\millean01,PF,33,ATL,2,0,4.5,1,1.5,0.667,0,0,,1,1.5,0.667,0.667,0,0,,0,0.5,0.5,0.5,0.5,0,0.5,1,2
285,Brad Miller\millebr01,C,28,SAC,56,56,37.3,5.7,10.9,0.524,0.1,0.3,0.263,5.6,10.5,0.532,0.528,4.2,5.1,0.812,2.5,6.8,9.3,3.9,1.2,1.2,1.5,3.2,15.6
286,Mike Miller\millemi01,SF,24,MEM,76,51,30,5.1,10.1,0.505,1.8,4.3,0.433,3.3,5.8,0.558,0.597,1.4,2,0.72,0.5,3.5,3.9,2.9,0.7,0.3,1.7,2.6,13.4
287,Reggie Miller*\millere01,SG,39,IND,66,66,31.9,4.8,10.9,0.437,1.5,4.5,0.322,3.3,6.4,0.518,0.503,3.8,4.1,0.933,0.3,2.1,2.4,2.2,0.8,0.1,1.2,1.7,14.8
288,Yao Ming*\mingya01,C,24,HOU,80,80,30.6,6.7,12.2,0.552,0,0,,6.7,12.2,0.552,0.552,4.9,6.2,0.783,2.6,5.8,8.4,0.8,0.4,2,2.5,3.7,18.3
289,Cuttino Mobley\moblecu01,SG,29,TOT,66,64,36.2,6.2,14.1,0.438,2.3,5.2,0.439,3.9,8.9,0.437,0.518,2.5,3.1,0.82,0.7,2.8,3.5,2.8,1.1,0.5,2,2.3,17.2
289,Cuttino Mobley\moblecu01,SG,29,ORL,23,21,31.6,5.6,12.9,0.432,2.5,5.4,0.464,3,7.4,0.409,0.53,2.4,3,0.797,0.5,2.3,2.7,1.8,1,0.4,1.8,2.1,16
289,Cuttino Mobley\moblecu01,SG,29,SAC,43,43,38.7,6.5,14.8,0.44,2.1,5,0.424,4.4,9.7,0.449,0.513,2.6,3.2,0.831,0.8,3.1,3.9,3.4,1.2,0.5,2.1,2.4,17.8
290,Nazr Mohammed\mohamna01,C,27,TOT,77,59,25.1,3.8,7.8,0.48,0,0,0,3.8,7.8,0.481,0.48,2,2.9,0.674,3.2,4.4,7.6,0.4,0.8,1.1,1.4,3.1,9.5
290,Nazr Mohammed\mohamna01,C,27,NYK,54,54,28.1,4.3,8.5,0.509,0,0,0,4.3,8.5,0.51,0.509,2.2,3.2,0.708,3.1,5,8.1,0.5,1,1,1.5,3.2,10.9
290,Nazr Mohammed\mohamna01,C,27,SAS,23,5,18,2.4,6.2,0.387,0,0,,2.4,6.2,0.387,0.387,1.4,2.4,0.571,3.4,3,6.4,0.3,0.2,1.4,1.2,2.8,6.2
291,Jerome Moiso\moisoje01,C-PF,26,TOT,20,1,6,0.5,0.9,0.5,0,0.1,0,0.5,0.9,0.529,0.5,0.5,0.7,0.769,0.5,1.4,1.9,0.1,0.2,0.3,0.4,0.7,1.4
291,Jerome Moiso\moisoje01,C,26,TOR,8,1,8.6,0.4,1.1,0.333,0,0.1,0,0.4,1,0.375,0.333,1,1.1,0.889,0.8,2.1,2.9,0,0.3,0.4,0.8,0.9,1.8
291,Jerome Moiso\moisoje01,C,26,NJN,8,0,3,0.4,0.5,0.75,0,0,,0.4,0.5,0.75,0.75,0.3,0.5,0.5,0.4,0.5,0.9,0,0,0.1,0.1,0.3,1
291,Jerome Moiso\moisoje01,PF,26,CLE,4,0,6.8,0.8,1.3,0.6,0,0,,0.8,1.3,0.6,0.6,0,0,,0.3,1.5,1.8,0.3,0.3,0.5,0,1,1.5
292,Mikki Moore\mooremi01,PF,29,LAC,74,4,15.9,1.9,3.9,0.502,0,0.1,0.2,1.9,3.8,0.507,0.503,1.4,1.8,0.787,1.3,2,3.3,0.6,0.3,0.4,0.9,2.3,5.4
293,Alonzo Mourning*\mournal01,C-PF,34,TOT,37,17,19,2.7,5.7,0.472,0,0,,2.7,5.7,0.472,0.472,2.2,3.8,0.582,1.4,3.9,5.4,0.5,0.2,2,1.5,2.2,7.6
293,Alonzo Mourning*\mournal01,PF,34,NJN,18,14,25.4,3.8,8.3,0.453,0,0,,3.8,8.3,0.453,0.453,2.8,4.8,0.593,1.7,5.3,7.1,0.8,0.3,2.3,2.5,2.8,10.4
293,Alonzo Mourning*\mournal01,C,34,MIA,19,3,12.9,1.7,3.3,0.516,0,0,,1.7,3.3,0.516,0.516,1.6,2.9,0.564,1.2,2.6,3.7,0.2,0.2,1.7,0.6,1.7,5
294,Troy Murphy\murphtr01,PF,24,GSW,70,69,33.9,5.6,13.5,0.414,0.8,2.1,0.399,4.8,11.4,0.417,0.445,3.3,4.6,0.73,3.6,7.2,10.8,1.4,0.8,0.5,1.5,2.7,15.4
295,Lamond Murray\murrala01,SF,31,TOR,62,1,14.8,2.1,5,0.426,0.7,1.7,0.438,1.4,3.3,0.42,0.5,1,1.3,0.763,0.7,1.9,2.6,0.8,0.5,0.3,0.9,1.4,6
296,Ronald Murray\murraro01,SG,25,SEA,49,6,18,2.7,7.4,0.361,0.5,1.9,0.253,2.2,5.5,0.399,0.394,1.2,1.6,0.738,0.3,1.7,2,1.3,0.6,0.2,1.2,1.2,7
297,Dikembe Mutombo*\mutomdi01,C,38,HOU,80,2,15.2,1.4,2.7,0.498,0,0,,1.4,2.7,0.498,0.498,1.3,1.8,0.741,1.9,3.5,5.3,0.1,0.2,1.3,0.6,1.7,4
298,Mamadou N'Diaye\ndiayma02,C,29,LAC,11,0,6.5,0.7,1.8,0.4,0,0.1,0,0.7,1.7,0.421,0.4,0.4,0.6,0.571,0.8,0.8,1.6,0.1,0.1,0.5,0,1.8,1.8
299,Bostjan Nachbar\nachbbo01,PF-SF,24,TOT,71,6,18.9,2.3,5.8,0.392,1.1,2.8,0.383,1.2,3,0.4,0.483,1.4,1.6,0.829,0.3,2.2,2.6,1,0.4,0.2,1,2.6,7
299,Bostjan Nachbar\nachbbo01,SF,24,HOU,16,2,12.8,0.9,2.7,0.349,0.6,1.3,0.476,0.3,1.4,0.227,0.465,0.6,0.8,0.75,0.3,1.6,1.9,0.6,0.1,0,0.3,1.9,3.1
299,Bostjan Nachbar\nachbbo01,PF,24,NOH,55,4,20.7,2.7,6.7,0.397,1.2,3.2,0.371,1.5,3.5,0.42,0.485,1.6,1.9,0.838,0.4,2.4,2.8,1.2,0.5,0.3,1.2,2.8,8.1
300,Lee Nailon\nailole01,SF,29,NOH,68,51,29.7,6.1,12.8,0.478,0,0,0,6.1,12.8,0.479,0.478,2,2.4,0.806,1.9,2.5,4.4,1.6,0.5,0.2,1.6,2.8,14.2
301,Eduardo Najera\najered01,PF,28,TOT,68,4,17.4,2.1,4.7,0.45,0.1,0.3,0.286,2,4.4,0.462,0.46,0.9,1.3,0.637,1.5,2.1,3.6,1,0.6,0.4,0.9,2.2,5.2
301,Eduardo Najera\najered01,PF,28,GSW,42,4,14.5,1.7,4.1,0.407,0.1,0.4,0.4,1.5,3.7,0.408,0.424,0.7,1.1,0.644,1.3,1.5,2.8,0.9,0.4,0.2,0.8,1.7,4.2
301,Eduardo Najera\najered01,PF,28,DEN,26,0,22.1,2.9,5.8,0.5,0,0.2,0,2.9,5.5,0.521,0.5,1.1,1.8,0.63,1.9,2.9,4.8,1.1,0.9,0.5,1.1,3,6.9
302,Steve Nash*\nashst01,PG,30,PHO,75,75,34.3,5.7,11.4,0.502,1.3,2.9,0.431,4.5,8.5,0.526,0.557,2.8,3.2,0.887,0.8,2.6,3.3,11.5,1,0.1,3.3,1.8,15.5
303,Jameer Nelson\nelsoja01,PG,22,ORL,79,21,20.4,3.6,7.9,0.455,0.6,1.8,0.312,3.1,6.2,0.497,0.49,0.9,1.4,0.682,0.7,1.8,2.4,3,1,0,1.5,2.5,8.7
304,Rasho Nesterovic\nestera01,C,28,SAS,70,70,25.5,2.8,6.1,0.46,0,0,,2.8,6.1,0.46,0.46,0.2,0.4,0.467,2.6,3.9,6.6,1,0.4,1.7,1,3,5.9
305,Ira Newble\newblir01,SG,30,CLE,74,69,24.8,2.5,5.7,0.429,0.3,0.7,0.358,2.2,5,0.439,0.452,0.7,0.9,0.797,1.1,1.9,3,1.2,0.7,0.2,0.8,1.9,5.9
306,Andres Nocioni\nocioan01,SF,25,CHI,81,38,23.4,3,7.4,0.401,0.3,1.2,0.258,2.7,6.2,0.429,0.422,2.1,2.7,0.766,0.9,3.9,4.8,1.5,0.5,0.4,1.7,2.6,8.4
307,Moochie Norris\norrimo01,PG,31,TOT,38,0,9.5,0.9,2.9,0.321,0,0.3,0,0.9,2.6,0.361,0.321,0.5,0.6,0.833,0.3,0.9,1.2,1,0.5,0.1,0.7,1.2,2.4
307,Moochie Norris\norrimo01,PG,31,NYK,32,0,10,1,2.9,0.344,0,0.4,0,1,2.5,0.395,0.344,0.6,0.7,0.818,0.3,1,1.3,1.1,0.5,0.1,0.8,1.3,2.6
307,Moochie Norris\norrimo01,PG,31,HOU,6,0,6.5,0.5,2.7,0.188,0,0,,0.5,2.7,0.188,0.188,0.3,0.3,1,0.2,0.5,0.7,0.8,0.2,0,0.3,0.3,1.3
308,Dirk Nowitzki\nowitdi01,PF,26,DAL,78,78,38.7,8.5,18.5,0.459,1.2,2.9,0.399,7.3,15.6,0.47,0.49,7.9,9.1,0.869,1.2,8.5,9.7,3.1,1.2,1.5,2.3,2.8,26.1
309,Jermaine O'Neal\onealje01,PF,26,IND,44,41,34.8,8.8,19.4,0.452,0,0.1,0.167,8.8,19.3,0.454,0.453,6.7,8.9,0.754,1.9,6.9,8.8,1.9,0.6,2,3,3.9,24.3
310,Shaquille O'Neal*\onealsh01,C,32,MIA,73,73,34.1,9,15,0.601,0,0,,9,15,0.601,0.601,4.8,10.5,0.461,3.5,6.9,10.4,2.7,0.5,2.3,2.8,3.6,22.9
311,Lamar Odom\odomla01,PF,25,LAL,64,64,36.3,5.7,12.1,0.473,0.6,1.8,0.308,5.2,10.3,0.502,0.496,3.2,4.7,0.695,2.1,8.1,10.2,3.7,0.7,1,2.5,3.3,15.2
312,Emeka Okafor\okafoem01,PF,22,CHA,73,73,35.6,6.1,13.7,0.447,0,0,0,6.1,13.7,0.447,0.447,2.9,4.7,0.609,3.8,7.1,10.9,0.9,0.8,1.7,1.7,2.9,15.1
313,Mehmet Okur\okurme01,C,25,UTA,82,25,28.1,4.3,9.2,0.468,0.2,0.8,0.27,4.1,8.5,0.486,0.479,4,4.7,0.85,2.4,5.1,7.5,2,0.4,0.8,1.7,2.8,12.9
314,Kevin Ollie\ollieke01,PG,32,PHI,26,0,6.1,0.4,1.2,0.355,0,0,,0.4,1.2,0.355,0.355,0.2,0.3,0.667,0.1,0.6,0.7,0.7,0.2,0,0.2,0.6,1.1
315,Michael Olowokandi\olowomi01,C,29,MIN,62,34,19.6,2.6,5.7,0.456,0,0,,2.6,5.7,0.456,0.456,0.7,1.1,0.667,1.7,3.5,5.2,0.5,0.2,0.9,1.1,3.1,5.9
316,Greg Ostertag\ostergr01,C,31,SAC,56,3,9.9,0.7,1.5,0.44,0,0,0,0.7,1.5,0.451,0.44,0.2,0.7,0.342,1,2,3,0.7,0.1,0.7,0.4,1.6,1.6
317,Bo Outlaw\outlabo01,PF,33,PHO,39,0,5.5,0.3,0.9,0.353,0,0,,0.3,0.9,0.353,0.353,0.1,0.2,0.556,0.4,0.9,1.4,0.3,0.2,0.3,0.2,0.7,0.7
318,Travis Outlaw\outlatr01,SF,20,POR,59,2,13.4,2.3,4.5,0.498,0.1,0.2,0.4,2.2,4.4,0.502,0.506,0.8,1.3,0.653,0.7,1.4,2.1,0.6,0.5,0.7,0.7,1.3,5.4
319,Zaza Pachulia\pachuza01,C,20,MIL,74,4,18.9,2.2,4.8,0.452,0,0,0,2.2,4.8,0.453,0.452,1.9,2.5,0.746,1.8,3.3,5.1,0.8,0.6,0.5,0.9,2.2,6.2
320,Scott Padgett\padgesc01,PF,28,HOU,66,0,14.3,1.5,3.5,0.421,0.8,1.9,0.397,0.7,1.6,0.449,0.528,0.4,0.6,0.725,0.7,2.1,2.8,0.8,0.5,0.2,0.5,1.8,4.2
321,Milt Palacio\palacmi01,PG,26,TOR,80,4,19.2,2.2,4.9,0.446,0,0.2,0.167,2.2,4.8,0.455,0.449,1.4,1.9,0.742,0.3,1.4,1.7,3.5,0.6,0.2,1.3,1.6,5.8
322,Jannero Pargo\pargoja01,PG,25,CHI,32,0,14.2,2.6,6.7,0.385,0.7,2.1,0.348,1.8,4.6,0.401,0.439,0.5,0.7,0.739,0.4,1.1,1.5,2.4,0.5,0,1.4,1.7,6.4
323,Smush Parker\parkesm01,PG,23,TOT,16,1,9,1.1,2.7,0.419,0.2,0.8,0.231,0.9,1.9,0.5,0.453,0.6,0.8,0.692,0.3,0.5,0.8,0.9,0.3,0,1.2,1,3
323,Smush Parker\parkesm01,PG,23,DET,11,1,10,1,2.5,0.393,0.2,0.8,0.222,0.8,1.7,0.474,0.429,0.8,1.2,0.692,0.2,0.6,0.8,1,0.3,0,0.9,1.2,3
323,Smush Parker\parkesm01,PG,23,PHO,5,0,6.8,1.4,3,0.467,0.2,0.8,0.25,1.2,2.2,0.545,0.5,0,0,,0.4,0.2,0.6,0.8,0.4,0,1.8,0.6,3
324,Tony Parker\parketo01,PG,22,SAS,80,80,34.2,6.7,14,0.482,0.5,2,0.276,6.2,12,0.516,0.501,2.6,4,0.65,0.6,3.1,3.7,6.1,1.2,0.1,2.7,2.1,16.6
325,Ruben Patterson\patteru01,SF,29,POR,70,36,28,4.6,8.6,0.531,0,0.4,0.08,4.5,8.2,0.55,0.532,2.4,4,0.599,1.8,2.1,3.9,2,1.5,0.3,2,2.3,11.6
326,Sasha Pavlovic\pavloal01,SG,21,CLE,65,9,13.3,1.8,4.2,0.435,0.5,1.2,0.385,1.4,3,0.455,0.489,0.7,1,0.688,0.2,0.9,1.1,0.8,0.4,0.1,0.7,1.9,4.8
327,Gary Payton*\paytoga01,PG,36,BOS,77,77,33,4.4,9.4,0.468,0.5,1.7,0.326,3.9,7.7,0.498,0.497,2,2.6,0.761,0.6,2.4,3.1,6.1,1.1,0.2,1.9,1.6,11.3
328,Anthony Peeler\peelean01,SG,35,WAS,40,0,13.2,1.4,3.8,0.373,0.6,1.6,0.385,0.8,2.1,0.365,0.457,0.4,0.5,0.889,0.4,1.3,1.6,1.4,0.5,0.1,0.7,1,3.8
329,Kirk Penney\penneki01,SG,24,LAC,4,0,3,0.3,0.8,0.333,0,0.3,0,0.3,0.5,0.5,0.333,0,0,,0,0.3,0.3,0.3,0,0,0.5,0,0.5
330,Kendrick Perkins\perkike01,C,20,BOS,60,3,9.1,0.9,2,0.471,0,0,,0.9,2,0.471,0.471,0.6,1,0.638,0.9,2.1,2.9,0.4,0.2,0.6,0.7,1.6,2.5
331,Wesley Person\persowe01,SF,33,TOT,41,3,16.3,2.6,5.5,0.473,1,2.2,0.461,1.6,3.3,0.482,0.564,0.2,0.3,0.692,0.1,2,2,1,0.5,0.1,0.4,0.7,6.4
331,Wesley Person\persowe01,SF,33,MIA,16,3,12.9,1.6,3.6,0.439,0.5,1.3,0.381,1.1,2.3,0.472,0.509,0.3,0.3,1,0.1,1.3,1.4,0.7,0.4,0,0.4,0.4,3.9
331,Wesley Person\persowe01,SF,33,DEN,25,0,18.4,3.3,6.8,0.485,1.3,2.7,0.485,2,4,0.485,0.583,0.2,0.4,0.556,0.1,2.4,2.4,1.1,0.5,0.2,0.4,1,8.1
332,Morris Peterson\petermo01,SG,27,TOR,82,61,30.6,4.3,10.3,0.42,1.6,4.1,0.385,2.8,6.3,0.442,0.496,2.3,2.8,0.832,0.9,3.3,4.1,2.1,1.1,0.2,1.1,2.7,12.5
333,Eric Piatkowski\piatker01,SG,34,CHI,68,11,12.4,1.6,3.8,0.43,0.8,2,0.425,0.8,1.8,0.435,0.541,0.7,0.8,0.804,0.2,0.9,1.2,0.8,0.4,0,0.5,1,4.8
334,Paul Pierce\piercpa01,SF,27,BOS,82,82,36.1,6.8,14.9,0.455,1.3,3.6,0.37,5.5,11.4,0.481,0.499,6.7,8.1,0.822,1,5.6,6.6,4.2,1.6,0.5,2.8,3.1,21.6
335,Mickael Pietrus\pietrmi01,SF,22,GSW,67,3,20,3.2,7.5,0.427,1,2.9,0.344,2.2,4.6,0.48,0.494,2.1,3,0.698,1,1.9,2.8,1.2,0.7,0.3,1.4,2.1,9.5
336,Zoran Planinic\planizo01,PG,22,NJN,43,8,12,1.8,4,0.448,0.3,0.9,0.375,1.5,3.1,0.47,0.491,1.1,1.5,0.697,0.4,1.2,1.6,1,0.6,0,1,1.8,5
337,Pavel Podkolzin\podkopa01,C,20,DAL,5,0,2,0,0,,0,0,,0,0,,,0.2,0.4,0.5,0,0.4,0.4,0,0,0,0.4,0.8,0.2
338,Scot Pollard\pollasc01,C,29,IND,49,17,17.7,1.6,3.4,0.473,0,0,,1.6,3.4,0.473,0.473,0.7,1,0.673,1.7,2.4,4.2,0.4,0.6,0.5,0.6,2.5,3.9
339,Mark Pope\popema01,PF,32,DEN,9,0,3,0.2,0.7,0.333,0,0,,0.2,0.7,0.333,0.333,0,0,,0.6,0.3,0.9,0.1,0.1,0.2,0.1,0.6,0.4
340,James Posey\poseyja01,SF,28,MEM,50,18,27.6,2.5,7.1,0.357,1.1,3.6,0.309,1.4,3.6,0.404,0.434,1.9,2.2,0.865,0.9,3.5,4.4,1.8,1,0.5,1.4,2.7,8.1
341,Vitaly Potapenko\potapvi01,C,29,SEA,33,1,10.2,1.4,2.6,0.517,0,0,0,1.4,2.6,0.523,0.517,0.8,0.9,0.871,0.9,1.5,2.4,0.3,0.2,0.1,0.4,1.6,3.5
342,Tayshaun Prince\princta01,SF,24,DET,82,82,37.1,5.7,11.7,0.487,0.6,1.7,0.341,5.1,10.1,0.512,0.511,2.7,3.3,0.807,1.6,3.7,5.3,3,0.7,0.9,1.6,2,14.7
343,Laron Profit\profila01,SF,27,WAS,42,4,10.2,1.3,3,0.438,0.2,0.7,0.286,1.1,2.4,0.48,0.469,0.4,0.6,0.64,0.6,1.2,1.8,0.9,0.4,0.1,0.6,1,3.2
344,Joel Przybilla\przybjo01,C,25,POR,76,50,24.4,2.6,4.4,0.598,0,0,,2.6,4.4,0.598,0.598,1.2,2.3,0.517,2.3,5.4,7.7,1,0.3,2.1,1.3,3.1,6.4
345,Vladimir Radmanovic\radmavl01,PF,24,SEA,63,0,29.5,4.2,10.3,0.409,2,5.2,0.389,2.2,5.1,0.43,0.508,1.3,1.6,0.786,0.8,3.8,4.6,1.4,0.9,0.5,1.3,2.7,11.8
346,Aleksandar Radojevic\radojal01,C,28,UTA,12,6,10.7,0.5,1.6,0.316,0,0,,0.5,1.6,0.316,0.316,0.6,0.8,0.7,0.8,1.6,2.3,0.5,0,0.2,1.3,2.7,1.6
347,Peter John Ramos\ramospe01,C,19,WAS,6,0,3.3,0.8,1.7,0.5,0,0,,0.8,1.7,0.5,0.5,0.2,0.3,0.5,0.2,0.5,0.7,0,0,0.2,0.5,0.7,1.8
348,Zach Randolph\randoza01,PF,23,POR,46,37,34.8,7.2,16.1,0.448,0,0.1,0,7.2,16,0.452,0.448,4.5,5.5,0.815,3.1,6.5,9.6,1.9,0.7,0.4,2.4,2.4,18.9
349,Theo Ratliff\ratlith01,C,31,POR,63,45,27.5,1.8,4.1,0.447,0,0,,1.8,4.1,0.447,0.447,1.2,1.7,0.692,1.8,3.5,5.3,0.5,0.4,2.5,0.9,2.9,4.8
350,Zeljko Rebraca\rebraze01,C,32,LAC,58,2,16,2.3,4,0.568,0,0,,2.3,4,0.568,0.568,1.3,1.5,0.859,0.8,2.3,3.2,0.4,0.2,0.7,0.8,2.2,5.8
351,Michael Redd\reddmi01,SG,25,MIL,75,75,38,8.3,18.9,0.441,1.4,3.9,0.355,6.9,15,0.463,0.477,4.9,5.8,0.854,1,3.2,4.2,2.3,0.8,0.1,1.8,2,23
352,Justin Reed\reedju01,SF,23,BOS,23,0,5.3,0.7,1.3,0.517,0,0.1,0,0.7,1.1,0.577,0.517,0.5,0.7,0.733,0.3,0.3,0.7,0.4,0.1,0,0.2,0.5,1.8
353,Jared Reiner\reineja01,C,22,CHI,19,2,6.9,0.5,1.6,0.333,0,0,,0.5,1.6,0.333,0.333,0.1,0.2,0.25,0.7,1.3,2,0.1,0.2,0.4,0.5,1.8,1.1
354,Jason Richardson\richaja01,SG,24,GSW,72,72,37.8,8.5,19,0.446,1.7,5.1,0.338,6.7,13.9,0.486,0.492,3,4.3,0.693,1.7,4.2,5.9,3.9,1.5,0.4,2.3,2.2,21.7
355,Quentin Richardson\richaqu01,SG,24,PHO,79,78,35.9,5.2,13.2,0.389,2.9,8,0.358,2.3,5.2,0.437,0.498,1.7,2.3,0.739,1.2,4.9,6.1,2,1.2,0.3,1.3,2.5,14.9
356,Luke Ridnour\ridnolu01,PG,23,SEA,82,82,31.4,3.6,9,0.405,0.8,2.2,0.376,2.8,6.8,0.414,0.45,1.9,2.2,0.883,0.7,1.8,2.5,5.9,1.1,0.3,1.8,2.3,10
357,Bernard Robinson\robinbe01,SG,24,CHA,31,1,10.6,1.2,2.6,0.444,0.1,0.3,0.375,1.1,2.4,0.452,0.463,0.6,0.8,0.692,0.5,1.1,1.5,1,0.4,0.1,0.6,1.4,3
358,Clifford Robinson\robincl02,C-PF,38,TOT,71,29,23.8,2.8,7.4,0.386,0.9,2.7,0.347,1.9,4.6,0.409,0.45,0.9,1.4,0.639,0.8,2.2,2.9,1.5,0.9,0.7,0.9,2.5,7.5
358,Clifford Robinson\robincl02,C,38,GSW,42,29,26,3.4,8.4,0.398,1,3,0.331,2.4,5.4,0.436,0.458,0.8,1.4,0.603,0.7,2,2.7,1.8,1,0.9,1,2.5,8.5
358,Clifford Robinson\robincl02,PF,38,NJN,29,0,20.7,2.1,5.8,0.361,0.9,2.3,0.379,1.2,3.6,0.35,0.435,0.9,1.3,0.692,0.8,2.5,3.3,1,0.6,0.5,0.9,2.6,6
359,Glenn Robinson\robingl01,SF,32,SAS,9,0,17.4,3.8,8.6,0.442,0.2,0.7,0.333,3.6,7.9,0.451,0.455,2.2,2.6,0.87,0.4,2.2,2.7,0.9,0.4,0.3,0.8,2.1,10
360,Rodney Rogers\rogerro01,SF-PF,33,TOT,58,33,23.6,3,7.8,0.382,0.8,2.9,0.286,2.1,4.9,0.44,0.436,0.9,1.2,0.743,1.1,3.2,4.2,1.5,0.7,0.3,1.5,3,7.7
360,Rodney Rogers\rogerro01,SF,33,NOH,30,26,29.4,3.6,9.6,0.377,0.8,3.1,0.272,2.8,6.6,0.426,0.42,1.1,1.4,0.762,0.9,3.8,4.7,2,0.6,0.4,2.2,3.4,9.2
360,Rodney Rogers\rogerro01,PF,33,PHI,28,7,17.3,2.3,5.8,0.391,0.8,2.7,0.303,1.4,3,0.471,0.463,0.7,1,0.714,1.2,2.5,3.7,0.9,0.8,0.3,0.7,2.5,6
361,Jalen Rose\roseja01,SF,32,TOR,81,65,33.5,6.5,14.3,0.455,1.3,3.4,0.394,5.2,10.9,0.473,0.501,4.1,4.8,0.854,0.5,2.9,3.4,2.6,0.8,0.1,2.2,2.3,18.5
362,Malik Rose\rosema01,PF,30,TOT,76,5,19.4,2.6,5.8,0.449,0,0.1,0.1,2.6,5.7,0.457,0.45,1.8,2.4,0.737,1.7,2.8,4.5,0.8,0.6,0.2,1.3,2.7,7
362,Malik Rose\rosema01,PF,30,SAS,50,1,17.2,2.5,5.3,0.464,0,0.1,0,2.5,5.3,0.471,0.464,1.4,2,0.697,1.9,2.6,4.5,0.8,0.6,0.2,1.1,2.5,6.3
362,Malik Rose\rosema01,PF,30,NYK,26,4,23.6,2.8,6.7,0.425,0,0.2,0.167,2.8,6.5,0.435,0.428,2.6,3.3,0.782,1.3,3.1,4.4,0.7,0.6,0.3,1.8,3.2,8.3
363,Quinton Ross\rossqu01,SG,23,LAC,78,19,21.3,2.1,4.8,0.432,0,0.1,0.25,2.1,4.7,0.434,0.433,0.9,1.4,0.673,0.8,1.9,2.7,1.4,0.7,0.3,0.7,2.1,5.1
364,Michael Ruffin\ruffimi01,C,28,WAS,79,7,16,0.5,1.3,0.414,0,0,0,0.5,1.2,0.418,0.414,0.4,0.8,0.433,2,2.2,4.2,0.8,0.5,0.5,0.6,2.4,1.4
365,Kareem Rush\rushka01,SG,24,TOT,48,22,20.2,3.3,8.5,0.387,1.1,2.9,0.372,2.2,5.6,0.394,0.45,0.8,1,0.771,0.4,1.4,1.9,1.4,0.4,0.1,1,1.5,8.4
365,Kareem Rush\rushka01,SG,24,LAL,14,0,6.5,0.3,1.4,0.2,0.1,0.7,0.2,0.1,0.7,0.2,0.25,0.1,0.1,1,0.2,0.5,0.7,0.2,0.1,0.1,0.2,0.5,0.9
365,Kareem Rush\rushka01,SG,24,CHA,34,22,25.8,4.5,11.4,0.396,1.4,3.7,0.386,3.1,7.6,0.402,0.46,1,1.4,0.761,0.5,1.8,2.3,1.9,0.5,0.2,1.3,2,11.5
366,Bryon Russell\russebr01,SF,34,DEN,70,2,14.7,1.4,3.6,0.377,0.8,2.1,0.376,0.6,1.5,0.379,0.488,0.9,1.1,0.792,0.7,1.7,2.5,1,0.6,0.2,0.5,1.9,4.4
367,John Salmons\salmojo01,SG,25,PHI,58,8,17.1,1.5,3.6,0.405,0.5,1.6,0.341,0.9,2.1,0.454,0.479,0.6,0.8,0.729,0.2,1.9,2.1,2,0.7,0.2,0.9,1.6,4.1
368,Jamal Sampson\sampsja01,PF,21,CHA,23,0,14.3,1.2,2.7,0.452,0,0,,1.2,2.7,0.452,0.452,1,1.7,0.59,1.6,3.7,5.3,0.3,0.2,0.7,0.7,2.3,3.4
369,Daniel Santiago\santida01,C,28,MIL,11,0,9.5,0.6,1.9,0.333,0,0,,0.6,1.9,0.333,0.333,0.7,1,0.727,0.5,1.2,1.7,0.1,0.3,0.4,0.4,2.5,2
370,Brian Scalabrine\scalabr01,PF,26,NJN,54,14,21.6,2.4,6.1,0.398,0.4,1.3,0.324,2,4.9,0.417,0.431,1,1.3,0.768,1.5,3,4.5,1.6,0.6,0.3,1.2,2.1,6.3
371,Ansu Sesay\sesayan01,SF,28,GSW,16,0,8,1.1,2.6,0.405,0.1,0.5,0.25,0.9,2.1,0.441,0.429,0.8,1.5,0.542,1.1,1.3,2.4,0.8,0.1,0.2,0.5,1,3.1
372,Ha Seung-Jin\seungha01,C,19,POR,19,0,5.5,0.5,1.2,0.435,0,0,,0.5,1.2,0.435,0.435,0.3,0.6,0.545,0.3,0.6,0.9,0.1,0.1,0.3,0.6,1.1,1.4
373,Paul Shirley\shirlpa01,PF,27,PHO,9,0,3.3,0.6,1.2,0.455,0,0,,0.6,1.2,0.455,0.455,0.2,0.4,0.5,0.1,0.1,0.2,0.3,0,0,0.1,0.3,1.3
374,Bobby Simmons\simmobo01,SF,24,LAC,75,74,37.3,6.3,13.6,0.466,0.7,1.5,0.435,5.7,12,0.47,0.491,3.1,3.6,0.846,1.7,4.2,5.9,2.7,1.4,0.2,1.8,3,16.4
375,Brian Skinner\skinnbr01,C-PF,28,TOT,49,23,19.2,2.1,4.2,0.507,0,0,0,2.1,4.2,0.51,0.507,0.5,1.4,0.357,2.2,3.5,5.7,0.9,0.6,1,0.8,2.1,4.8
375,Brian Skinner\skinnbr01,PF,28,PHI,24,0,10.3,0.9,2.4,0.386,0,0,0,0.9,2.3,0.393,0.386,0.2,0.7,0.294,1,1.6,2.6,0.2,0.2,0.3,0.5,1.2,2
375,Brian Skinner\skinnbr01,C,28,SAC,25,23,27.8,3.3,5.9,0.554,0,0,,3.3,5.9,0.554,0.554,0.8,2.1,0.377,3.4,5.4,8.7,1.5,1,1.7,1.1,2.9,7.4
376,Tamar Slay\slayta01,SG,24,CHA,8,0,9.8,1.6,4.9,0.333,0.3,1.5,0.167,1.4,3.4,0.407,0.359,0,0.3,0,0.8,1,1.8,0.4,0.6,0,1,2.5,3.5
377,Donta Smith\smithdo04,SG,21,ATL,38,0,11.4,1.2,3,0.389,0.2,0.6,0.273,1,2.4,0.418,0.416,0.9,1.3,0.688,0.5,0.9,1.4,1,0.6,0.1,0.7,1.3,3.3
378,J.R. Smith\smithjr01,SG,19,NOH,76,56,24.5,3.9,9.8,0.394,1.1,3.7,0.288,2.8,6.1,0.458,0.449,1.5,2.1,0.689,0.5,1.5,2,1.9,0.7,0.1,1.4,1.8,10.3
379,Jabari Smith\smithja01,PF,27,NJN,45,2,14.4,1.4,3.3,0.419,0,0,0.5,1.4,3.2,0.418,0.422,0.9,1.2,0.745,0.6,1.8,2.5,0.8,0.6,0.3,0.9,2.3,3.7
380,Joe Smith\smithjo02,PF,29,MIL,74,73,30.6,4.3,8.4,0.514,0,0,0,4.3,8.4,0.515,0.514,2.4,3.1,0.768,2.4,4.9,7.3,0.9,0.6,0.5,1.1,3,11
381,Josh Smith\smithjo03,SF,19,ATL,74,59,27.7,3.7,8.1,0.455,0.1,0.3,0.174,3.6,7.8,0.466,0.458,2.2,3.2,0.688,2,4.2,6.2,1.7,0.8,1.9,1.8,2.1,9.7
382,Steve Smith\smithst01,SG,35,TOT,50,1,15,2,5,0.411,0.8,2.1,0.39,1.2,2.9,0.427,0.494,1.4,1.6,0.863,0.3,1,1.3,1.4,0.3,0.1,0.5,1.6,6.3
382,Steve Smith\smithst01,SG,35,CHA,37,1,17.2,2.5,5.9,0.427,1,2.4,0.422,1.5,3.5,0.43,0.514,1.8,2.1,0.87,0.4,1,1.3,1.5,0.3,0.2,0.6,2,7.9
382,Steve Smith\smithst01,SG,35,MIA,13,0,8.8,0.7,2.3,0.3,0.2,1.2,0.2,0.5,1.2,0.4,0.35,0.2,0.2,0.667,0.2,1.1,1.2,1.1,0.2,0,0.2,0.6,1.8
383,Theron Smith\smithth01,SF,24,CHA,33,5,15.5,1.3,4.1,0.324,0.1,0.4,0.25,1.2,3.8,0.331,0.335,0.4,0.5,0.875,1.2,2.3,3.5,0.8,0.2,0.1,0.8,1.8,3.2
384,Eric Snow\snower01,SG,31,CLE,81,15,22.8,1.5,4,0.382,0.2,0.6,0.289,1.4,3.5,0.397,0.402,0.7,1,0.738,0.5,1.5,1.9,3.9,0.8,0.2,1.1,2.3,4
385,Kirk Snyder\snydeki01,SG,21,UTA,68,7,13.3,1.8,4.8,0.372,0.4,1.3,0.353,1.4,3.6,0.379,0.418,0.9,1.4,0.667,0.7,1,1.8,0.5,0.4,0.3,0.9,1.7,5
386,Darius Songaila\songada01,PF,26,SAC,81,21,20.6,3.2,6,0.527,0,0,0,3.2,6,0.53,0.527,1.2,1.4,0.847,1.5,2.7,4.2,1.4,0.6,0.2,0.9,2.5,7.5
387,Pape Sow\sowpa01,C,23,TOR,27,4,9.4,0.9,2.1,0.397,0,0,,0.9,2.1,0.397,0.397,0.6,1,0.593,0.7,1.4,2.1,0.1,0.4,0.1,0.4,1.7,2.3
388,Latrell Sprewell\sprewla01,SF,34,MIN,80,79,30.6,5,12,0.414,0.9,2.6,0.327,4.1,9.4,0.439,0.45,2,2.4,0.83,0.8,2.4,3.2,2.2,0.7,0.3,1.6,1.6,12.8
389,Jerry Stackhouse\stackje01,SG,30,DAL,56,7,28.9,4.9,11.8,0.414,0.6,2.1,0.267,4.3,9.7,0.446,0.438,4.5,5.3,0.849,0.7,2.6,3.3,2.3,0.9,0.2,1.9,1.9,14.9
390,DeShawn Stevenson\stevede01,SG,23,ORL,55,27,19.8,3.2,7.7,0.408,0.5,1.2,0.373,2.7,6.5,0.415,0.438,1,1.8,0.554,0.7,1.2,1.9,1.3,0.3,0.2,1,1.3,7.8
391,Michael Stewart\stewami01,PF,29,ATL,12,1,12.1,0.9,1.8,0.524,0,0,,0.9,1.8,0.524,0.524,0.3,0.6,0.429,1.8,1.6,3.3,0.4,0.5,0.4,0.5,2.7,2.1
392,Peja Stojakovic\stojape01,SF,27,SAC,66,66,38.4,6.8,15.4,0.444,2.6,6.6,0.402,4.2,8.8,0.475,0.53,3.8,4.2,0.92,0.9,3.4,4.3,2.1,1.2,0.2,1.5,2.4,20.1
393,Awvee Storey\storeaw01,SG,27,NJN,9,0,3.6,0.3,1.1,0.3,0.1,0.2,0.5,0.2,0.9,0.25,0.35,0.1,0.2,0.5,0.4,0.1,0.6,0.1,0,0,0,0.3,0.9
394,Damon Stoudamire\stoudda01,PG,31,POR,81,70,34.1,5.6,14.4,0.392,2.2,6,0.369,3.4,8.3,0.409,0.47,2.2,2.5,0.915,0.7,3.1,3.8,5.7,1.1,0,2,2,15.8
395,Amar'e Stoudemire\stoudam01,C,22,PHO,80,80,36.1,9.3,16.7,0.559,0,0.2,0.188,9.3,16.5,0.564,0.56,7.3,9.9,0.733,2.7,6.2,8.9,1.6,1,1.6,2.4,3.5,26
396,Erick Strickland\stricer01,SG,31,MIL,62,5,16.4,1.8,4.9,0.375,0.3,1.3,0.253,1.5,3.6,0.421,0.41,0.8,1,0.813,0.2,1.5,1.7,1.9,0.5,0,1,1.7,4.9
397,Rod Strickland\stricro02,PG,38,HOU,16,2,12.3,0.6,2.7,0.209,0.1,0.1,0.5,0.5,2.6,0.195,0.221,0.6,0.6,0.9,0.2,1.5,1.7,2.4,0.2,0.1,1,0.9,1.8
398,Bruno Sundov\sundobr01,C,24,NYK,21,0,3.5,0.5,1.8,0.297,0,0.1,0.333,0.5,1.6,0.294,0.311,0.1,0.1,1,0.3,0.3,0.6,0.1,0.1,0.1,0.3,0.8,1.2
399,Bob Sura\surabo01,PG,31,HOU,61,59,31.5,3.5,8.3,0.427,0.9,2.5,0.355,2.6,5.7,0.458,0.481,2.3,3.1,0.75,1.3,4.2,5.5,5.2,1.1,0.1,2.4,2.8,10.3
400,Mike Sweetney\sweetmi01,C,22,NYK,77,28,19.6,3.1,5.8,0.531,0,0,0,3.1,5.8,0.533,0.531,2.3,3.1,0.749,2.2,3.2,5.4,0.6,0.4,0.4,1.4,2.9,8.4
401,Robert Swift\swiftro01,C,19,SEA,16,0,4.5,0.3,0.7,0.455,0,0,,0.3,0.7,0.455,0.455,0.3,0.6,0.556,0.1,0.3,0.3,0.1,0.1,0.4,0.3,1,0.9
402,Stromile Swift\swiftst01,PF,25,MEM,60,14,21.3,3.7,8.1,0.449,0,0.1,0,3.7,8.1,0.452,0.449,2.8,3.7,0.758,1.5,3,4.6,0.7,0.7,1.5,1.5,3,10.1
403,Wally Szczerbiak\szczewa02,SF,27,MIN,81,37,31.6,5.7,11.3,0.506,0.8,2.1,0.373,5,9.3,0.536,0.54,3.2,3.8,0.855,1,2.7,3.7,2.4,0.5,0.2,1.6,2.2,15.5
404,Yuta Tabuse\tabusyu01,PG,24,PHO,4,0,4.3,0.3,1.5,0.167,0.3,0.3,1,0,1.3,0,0.25,1,1,1,0.5,0.5,1,0.8,0,0,0.3,0.3,1.8
405,Maurice Taylor\tayloma01,PF-C,28,TOT,65,16,20.6,3.1,6.9,0.455,0,0.1,0.333,3.1,6.7,0.458,0.459,1,1.6,0.612,1,2.9,4,1,0.4,0.3,1.4,2.8,7.3
405,Maurice Taylor\tayloma01,PF,28,HOU,38,16,23.8,3.3,7.7,0.435,0.1,0.2,0.375,3.3,7.5,0.437,0.44,1,1.6,0.65,1.1,3.2,4.3,1.4,0.4,0.3,1.7,3.2,7.8
405,Maurice Taylor\tayloma01,C,28,NYK,27,0,16,2.8,5.7,0.494,0,0,0,2.8,5.7,0.497,0.494,0.9,1.6,0.558,1,2.5,3.4,0.5,0.4,0.3,1.1,2.1,6.5
406,Sebastian Telfair\telfase01,PG,19,POR,68,26,19.6,2.5,6.3,0.393,0.3,1,0.246,2.2,5.3,0.421,0.413,1.5,2,0.789,0.1,1.4,1.5,3.3,0.5,0.1,1.8,1.8,6.8
407,Jason Terry\terryja01,PG,27,DAL,80,57,30,4.7,9.3,0.501,1.3,3.1,0.42,3.4,6.2,0.54,0.57,1.8,2.2,0.844,0.5,1.9,2.4,5.4,1.4,0.2,1.8,2.2,12.4
408,Billy Thomas\thomabi01,SF,29,NJN,25,0,14.2,1.4,3.8,0.362,0.7,2.2,0.304,0.7,1.5,0.447,0.452,0.3,0.4,0.778,0.3,1.2,1.4,0.7,0.6,0,0.4,1.2,3.7
409,Etan Thomas\thomaet01,C,26,WAS,47,10,20.8,2.7,5.4,0.502,0,0,,2.7,5.4,0.502,0.502,1.6,3.1,0.528,1.8,3.4,5.2,0.4,0.4,1.1,1.1,2.8,7.1
410,James Thomas\thomaja02,PF,24,TOT,11,2,10.6,1.1,1.8,0.6,0,0,,1.1,1.8,0.6,0.6,0.2,0.5,0.333,1.5,1.8,3.4,0.4,0.4,0.4,0.6,1.2,2.4
410,James Thomas\thomaja02,PF,24,POR,9,2,12.4,1.2,2,0.611,0,0,,1.2,2,0.611,0.611,0.2,0.7,0.333,1.7,2.2,3.9,0.4,0.4,0.4,0.8,1.3,2.7
410,James Thomas\thomaja02,PF,24,ATL,2,0,2.5,0.5,1,0.5,0,0,,0.5,1,0.5,0.5,0,0,,1,0,1,0,0,0,0,0.5,1
411,John Thomas\thomajo02,C,29,MIN,44,8,11.8,1,2,0.488,0,0,,1,2,0.488,0.488,0.6,1,0.587,0.9,1.3,2.2,0.4,0.3,0.3,0.4,1.9,2.5
412,Kenny Thomas\thomake01,PF,27,TOT,73,58,29.7,5,10.7,0.47,0,0.1,0.2,5,10.6,0.472,0.471,2.4,3.1,0.762,2.5,4.8,7.3,2.1,0.9,0.2,1.8,3.1,12.4
412,Kenny Thomas\thomake01,PF,27,PHI,47,43,28.6,4.6,10.1,0.456,0,0.1,0.25,4.6,10,0.458,0.457,2,2.5,0.798,2.3,4.3,6.6,1.6,0.9,0.1,1.8,3.2,11.3
412,Kenny Thomas\thomake01,PF,27,SAC,26,15,31.7,5.8,11.7,0.492,0,0,0,5.8,11.7,0.493,0.492,3,4.2,0.722,3,5.7,8.7,2.9,1,0.4,1.8,2.9,14.5
413,Kurt Thomas\thomaku01,PF,32,NYK,80,80,35.7,5.3,11.3,0.471,0,0.1,0.5,5.3,11.2,0.47,0.472,0.8,1.1,0.786,2.1,8.3,10.4,2,0.9,1,1.2,3.9,11.5
414,Tim Thomas\thomati01,SF,27,NYK,71,68,27.3,4.4,10.1,0.439,1.2,2.9,0.409,3.2,7.2,0.451,0.498,1.9,2.4,0.786,0.6,2.7,3.3,1.5,0.6,0.2,1.6,3.1,12
415,Jamaal Tinsley\tinslja01,PG,26,IND,40,40,32.5,5.5,13.1,0.418,1.5,3.9,0.372,4,9.2,0.437,0.473,3.1,4.1,0.744,0.7,3.4,4,6.4,2,0.3,3.4,2.8,15.4
416,Robert Traylor\traylro01,C,27,CLE,74,6,17.9,2.4,5.4,0.444,0,0.1,0,2.4,5.3,0.453,0.444,0.7,1.4,0.539,1.8,2.6,4.5,0.8,0.7,0.7,1,2.9,5.5
417,Jake Tsakalidis\tsakaja01,C,25,MEM,31,1,9,1,2.1,0.5,0,0,,1,2.1,0.5,0.5,0.5,0.6,0.778,0.7,1.1,1.8,0.3,0.1,0.5,0.4,1.4,2.5
418,Nikoloz Tskitishvili\tskitni01,PF,21,TOT,35,0,6.3,0.6,2.1,0.297,0.1,0.5,0.118,0.6,1.6,0.351,0.311,0.1,0.2,0.571,0.3,0.8,1.2,0.3,0.2,0.3,0.5,0.9,1.4
418,Nikoloz Tskitishvili\tskitni01,PF,21,DEN,23,0,6.9,0.7,2.2,0.294,0,0.3,0,0.7,1.9,0.341,0.294,0.2,0.3,0.571,0.5,0.8,1.3,0.2,0.3,0.3,0.6,1,1.5
418,Nikoloz Tskitishvili\tskitni01,PF,21,GSW,12,0,5.2,0.6,1.9,0.304,0.2,0.8,0.2,0.4,1.1,0.385,0.348,0,0,,0.1,0.9,1,0.5,0,0.3,0.4,0.8,1.3
419,Hedo Turkoglu\turkohe01,SF,25,ORL,67,11,26.2,4.9,11.7,0.419,1.4,3.7,0.38,3.5,8,0.438,0.479,2.8,3.4,0.836,0.9,2.6,3.5,2.3,0.6,0.3,1.8,2.1,14
420,Beno Udrih\udrihbe01,PG,22,SAS,80,2,14.4,2.2,4.9,0.444,0.7,1.8,0.408,1.4,3.1,0.464,0.518,0.8,1.1,0.753,0.2,0.8,1,1.9,0.5,0.1,1,1.2,5.9
421,Nick Van Exel\vanexni01,SG,33,POR,53,34,30.5,4,10.6,0.381,1.9,4.8,0.389,2.2,5.7,0.375,0.471,1.1,1.4,0.784,0.4,2.7,3,4.3,0.8,0,1.7,1.3,11.1
422,Keith Van Horn\vanhoke01,SF-PF,29,TOT,62,16,24.2,4.1,9.1,0.456,0.9,2.3,0.38,3.3,6.8,0.481,0.504,2.1,2.5,0.815,1.4,3.3,4.7,1.2,0.6,0.3,1.3,2.7,11.2
422,Keith Van Horn\vanhoke01,SF,29,MIL,33,13,24.8,3.9,8.6,0.449,0.9,2.4,0.385,3,6.3,0.473,0.502,1.7,2,0.862,1.7,3.3,5,1.2,0.6,0.3,1.4,2.5,10.4
422,Keith Van Horn\vanhoke01,PF,29,DAL,29,3,23.6,4.4,9.6,0.462,0.8,2.2,0.375,3.6,7.4,0.488,0.505,2.5,3.2,0.783,1.2,3.3,4.4,1.2,0.5,0.3,1.2,3,12.2
423,Anderson Varejao\varejan01,PF,22,CLE,54,0,16,1.8,3.6,0.513,0,0,0,1.8,3.5,0.518,0.513,1.3,2.4,0.535,2,2.7,4.8,0.5,0.8,0.7,0.5,2.3,4.9
424,Jacque Vaughn\vaughja01,SG,29,NJN,71,34,19.9,2.1,4.6,0.449,0.1,0.2,0.333,2,4.4,0.455,0.457,1.1,1.3,0.835,0.2,1.3,1.5,1.9,0.6,0,0.9,1.9,5.3
425,Jake Voskuhl\voskuja01,C,27,PHO,38,1,9.5,0.7,1.6,0.458,0,0,,0.7,1.6,0.458,0.458,0.7,1,0.684,0.8,1.6,2.4,0.4,0.1,0.3,0.5,1.6,2.1
426,Jackson Vroman\vromaja01,C-PF,23,TOT,46,18,15.3,1.8,4.3,0.412,0,0.1,0,1.8,4.3,0.418,0.412,1,1.6,0.64,1.4,2.4,3.8,0.9,0.5,0.4,1.4,2.3,4.6
426,Jackson Vroman\vromaja01,PF,23,PHO,10,1,5.7,0.6,1.6,0.375,0,0,,0.6,1.6,0.375,0.375,0.4,0.7,0.571,0.5,0.8,1.3,0.7,0.3,0.2,0.7,1.1,1.6
426,Jackson Vroman\vromaja01,C,23,NOH,36,17,18,2.1,5.1,0.415,0,0.1,0,2.1,5,0.422,0.415,1.2,1.9,0.647,1.6,2.9,4.5,0.9,0.6,0.5,1.6,2.6,5.4
427,Sasha Vujacic\vujacsa01,SG,20,LAL,35,3,11.5,0.9,3.3,0.282,0.5,1.8,0.27,0.5,1.5,0.296,0.355,0.5,0.5,0.947,0.4,1.4,1.8,1.5,0.3,0.1,0.4,1.2,2.9
428,Dwyane Wade\wadedw01,SG,23,MIA,77,77,38.6,8.2,17.1,0.478,0.2,0.6,0.289,8,16.5,0.485,0.483,7.5,9.9,0.762,1.4,3.7,5.2,6.8,1.6,1.1,4.2,3,24.1
429,Dajuan Wagner\wagneda02,SG,21,CLE,11,0,9.3,1.6,5,0.327,0.5,2.4,0.192,1.2,2.6,0.448,0.373,0.3,0.4,0.75,0,0.2,0.2,1.2,0.5,0,0.8,1.4,4
430,Antoine Walker\walkean02,PF,28,TOT,77,77,38.4,7.5,17.9,0.422,1.4,4.4,0.323,6.1,13.5,0.455,0.462,2.6,4.8,0.539,2.4,6.7,9,3.4,1.2,0.8,3.3,2.8,19.1
430,Antoine Walker\walkean02,PF,28,ATL,53,53,40.2,7.9,19.1,0.415,1.6,5.1,0.317,6.3,14.1,0.45,0.457,3,5.5,0.534,2.4,7,9.4,3.7,1.2,0.6,3.5,2.8,20.4
430,Antoine Walker\walkean02,PF,28,BOS,24,24,34.5,6.7,15.2,0.442,1,3,0.342,5.7,12.1,0.467,0.477,1.8,3.3,0.557,2.3,5.9,8.3,3,1,1.1,2.9,2.9,16.3
431,Samaki Walker\walkesa01,PF,28,WAS,14,0,9.6,0.8,2.2,0.355,0,0,,0.8,2.2,0.355,0.355,0.1,0.2,0.667,0.6,0.7,1.3,0.3,0.2,0.5,0.6,1.8,1.7
432,Ben Wallace\wallabe01,C,30,DET,74,74,36.1,4,8.8,0.453,0,0.1,0.111,4,8.7,0.458,0.454,1.8,4.1,0.428,3.9,8.2,12.2,1.7,1.4,2.4,1.1,2.1,9.7
433,Gerald Wallace\wallage01,SF,22,CHA,70,68,30.7,4.1,9.1,0.449,0.2,0.9,0.274,3.8,8.2,0.468,0.462,2.7,4.1,0.661,1.7,3.8,5.5,2,1.7,1.3,2.3,2.6,11.1
434,Rasheed Wallace\wallara01,PF,30,DET,79,79,34,5.9,13.4,0.44,0.9,3,0.318,5,10.5,0.475,0.475,1.7,2.5,0.697,2.2,5.9,8.2,1.8,0.8,1.5,1.6,3,14.5
435,Luke Walton\waltolu01,SF,24,LAL,61,5,12.6,1.2,3,0.411,0.3,1,0.262,1,2,0.487,0.456,0.6,0.8,0.708,0.9,1.4,2.3,1.5,0.4,0.2,1,1.1,3.2
436,Charlie Ward\wardch01,PG,34,HOU,14,13,25.7,1.7,5.5,0.312,1.1,3.6,0.314,0.6,1.9,0.308,0.416,0.8,0.9,0.846,0.4,2.4,2.8,3.1,1.1,0,1.3,1.6,5.4
437,Earl Watson\watsoea01,PG,25,MEM,80,14,22.6,3,6.9,0.426,0.7,2,0.319,2.3,4.9,0.471,0.473,1.1,1.7,0.659,0.4,1.6,2.1,4.5,1,0.2,2.1,2.3,7.7
438,Clarence Weatherspoon\weathcl01,PF,34,HOU,40,18,13.1,1.2,2.9,0.412,0,0,,1.2,2.9,0.412,0.412,0.7,0.9,0.829,0.9,2.2,3.1,0.4,0.2,0.2,0.4,1.9,3.1
439,Chris Webber\webbech01,PF,31,TOT,67,67,35.4,8.3,19.1,0.433,0.2,0.7,0.341,8.1,18.5,0.436,0.438,2.7,3.4,0.794,1.9,7.2,9.1,4.7,1.4,0.8,2.7,3.2,19.5
439,Chris Webber\webbech01,PF,31,SAC,46,46,36.3,9,19.9,0.449,0.2,0.6,0.379,8.7,19.3,0.452,0.455,3.1,3.9,0.799,2,7.7,9.7,5.5,1.5,0.7,2.9,3.1,21.3
439,Chris Webber\webbech01,PF,31,PHI,21,21,33.4,6.8,17.4,0.391,0.2,0.7,0.267,6.6,16.7,0.396,0.396,1.8,2.3,0.776,1.7,6.1,7.9,3.1,1.2,0.9,2.3,3.3,15.6
440,Bonzi Wells\wellsbo01,SG,28,MEM,69,19,21.6,3.9,8.9,0.441,0.5,1.5,0.346,3.4,7.4,0.46,0.47,2,2.7,0.75,0.7,2.6,3.3,1.2,1.2,0.4,1.3,2.4,10.4
441,Jiri Welsch\welscji01,SG-SF,25,TOT,71,32,18.5,2.1,5.2,0.402,0.5,1.5,0.309,1.6,3.7,0.441,0.447,1.8,2.4,0.763,0.4,2,2.4,1.5,0.6,0.1,1,1.7,6.5
441,Jiri Welsch\welscji01,SG,25,BOS,55,32,20.5,2.5,5.8,0.428,0.6,1.8,0.323,1.9,4,0.475,0.478,2,2.6,0.773,0.4,2.2,2.5,1.5,0.7,0.1,1.1,1.9,7.5
441,Jiri Welsch\welscji01,SF,25,CLE,16,0,12,0.8,3.2,0.235,0.1,0.7,0.182,0.6,2.5,0.25,0.255,1.3,1.8,0.714,0.4,1.4,1.8,1.2,0.3,0,0.9,1,2.9
442,David Wesley\wesleda01,SG,34,TOT,80,79,34.7,4.2,10.5,0.398,1.5,3.9,0.375,2.7,6.6,0.411,0.468,2,2.4,0.857,0.5,2.4,2.9,3.3,1.2,0.1,1.4,2.7,11.9
442,David Wesley\wesleda01,SG,34,NOH,26,26,35.9,5.1,13.2,0.389,1.1,3.1,0.35,4,10.1,0.401,0.43,2.6,2.9,0.882,0.5,2.8,3.3,4.2,1.3,0,2.1,2.5,13.9
442,David Wesley\wesleda01,SG,34,HOU,54,53,34.1,3.7,9.2,0.404,1.7,4.4,0.383,2.1,4.9,0.422,0.494,1.8,2.1,0.841,0.5,2.2,2.6,2.9,1.1,0.1,1.1,2.8,10.9
443,David West\westda01,SF,24,NOH,30,8,18.4,2.5,5.7,0.436,0.1,0.2,0.4,2.4,5.6,0.437,0.442,1.1,1.7,0.68,1.3,3,4.3,0.8,0.4,0.5,1.2,2.1,6.2
444,Delonte West\westde01,SG,21,BOS,39,7,13,1.7,4,0.426,0.6,1.7,0.358,1.1,2.3,0.477,0.503,0.5,0.7,0.704,0.4,1.3,1.7,1.4,0.5,0.2,0.6,1.8,4.5
445,Jahidi White\whiteja01,C,28,CHA,17,0,7.9,0.8,1.8,0.452,0,0,,0.8,1.8,0.452,0.452,0.8,2.4,0.35,0.6,1.4,2,0.1,0.1,0.7,0.6,1.8,2.5
446,Rodney White\whitero02,SF,24,TOT,58,2,11.7,2.1,5,0.419,0.4,1,0.4,1.7,3.9,0.424,0.46,0.5,0.8,0.614,0.4,1.1,1.5,0.8,0.6,0.2,0.6,1.1,5.1
446,Rodney White\whitero02,SF,24,DEN,42,2,12.6,2.3,5.4,0.432,0.5,1,0.432,1.9,4.4,0.432,0.474,0.5,0.8,0.618,0.5,1.3,1.8,0.9,0.7,0.2,0.6,1.2,5.6
446,Rodney White\whitero02,SF,24,GSW,16,0,9.1,1.4,3.9,0.371,0.3,1,0.313,1.1,2.9,0.391,0.411,0.4,0.6,0.6,0.3,0.7,0.9,0.5,0.1,0.1,0.6,0.8,3.6
447,Chris Wilcox\wilcoch01,C,22,LAC,54,25,18.6,3.1,6.1,0.514,0,0,,3.1,6.1,0.514,0.514,1.6,2.7,0.611,1.2,3.1,4.2,0.7,0.5,0.4,1.4,2.4,7.9
448,Damien Wilkins\wilkida02,SF,25,SEA,29,7,17.9,2.5,5.8,0.435,0.6,2,0.271,2,3.8,0.523,0.482,0.7,1.2,0.618,1,1.3,2.3,0.9,0.8,0.3,0.6,1.9,6.3
449,Mike Wilks\wilksmi01,PG,25,SAS,48,0,5.8,0.7,1.6,0.416,0.1,0.3,0.313,0.6,1.3,0.443,0.448,0.3,0.3,0.75,0.1,0.4,0.5,0.7,0.3,0,0.3,0.5,1.7
450,Aaron Williams\williaa01,C,33,TOT,42,4,7.5,0.7,1.5,0.46,0,0,,0.7,1.5,0.46,0.46,0.4,0.4,0.882,0.4,1,1.4,0.2,0.1,0.2,0.4,1.7,1.7
450,Aaron Williams\williaa01,C,33,NJN,19,0,7.9,0.7,1.4,0.519,0,0,,0.7,1.4,0.519,0.519,0.5,0.5,0.9,0.4,1.3,1.6,0.3,0.2,0.3,0.6,1.3,1.9
450,Aaron Williams\williaa01,C,33,TOR,23,4,7.2,0.7,1.6,0.417,0,0,,0.7,1.6,0.417,0.417,0.3,0.3,0.857,0.4,0.8,1.3,0.1,0,0.1,0.3,2,1.6
451,Eric Williams\willier01,SG,32,TOT,55,39,24,2.6,6,0.43,0.5,1.3,0.384,2.1,4.7,0.444,0.473,2,2.9,0.696,0.8,2.3,3.1,1.7,0.7,0.1,1.1,2.7,7.7
451,Eric Williams\willier01,SG,32,NJN,21,21,35.2,4.1,8.8,0.47,0.8,1.9,0.425,3.3,6.9,0.483,0.516,3.5,5.1,0.685,1.3,3.2,4.5,2,0.8,0.1,1.6,3.8,12.6
451,Eric Williams\willier01,SG,32,TOR,34,18,17.1,1.6,4.3,0.379,0.3,1,0.333,1.3,3.3,0.393,0.417,1.1,1.6,0.717,0.5,1.8,2.3,1.5,0.6,0.1,0.8,2,4.7
452,Frank Williams\willifr02,SG,24,CHI,9,0,7.9,0.3,2.2,0.15,0,0.4,0,0.3,1.8,0.188,0.15,0,0,,0.2,0.4,0.7,1.2,0.2,0.3,0.3,1,0.7
453,Jason Williams\willija02,PG,29,MEM,71,68,27.5,3.7,9.1,0.413,1.5,4.6,0.324,2.2,4.4,0.506,0.496,1.1,1.4,0.792,0.3,1.5,1.7,5.6,1.1,0.1,1.8,1.3,10.1
454,Jerome Williams\willije01,SF,31,NYK,79,4,15.3,1.5,3.1,0.502,0,0.1,0,1.5,3,0.513,0.502,1.5,2.2,0.669,1.5,2.1,3.6,0.5,0.7,0.1,0.8,2,4.5
455,Mo Williams\willima01,PG,22,MIL,80,80,28.2,4,9.2,0.438,0.4,1.2,0.323,3.6,8,0.456,0.46,1.7,2,0.85,0.6,2.4,3.1,6.1,0.9,0.1,2.5,2.8,10.2
456,Scott Williams\willisc01,C,36,CLE,19,0,8,0.6,2.2,0.293,0,0.1,0,0.6,2.1,0.3,0.293,0.5,0.6,0.818,0.8,0.8,1.6,0.4,0.2,0.3,0.3,1.6,1.7
457,Corliss Williamson\willico02,PF,31,TOT,72,9,21.2,3.8,8.1,0.467,0,0,0,3.8,8.1,0.469,0.467,2.7,3.4,0.799,1.4,2.2,3.6,1.1,0.5,0.2,1.2,3,10.3
457,Corliss Williamson\willico02,PF,31,PHI,48,5,22,4,8.7,0.465,0,0,0,4,8.6,0.467,0.465,2.7,3.4,0.788,1.5,2.2,3.7,0.9,0.5,0.3,1.3,3,10.8
457,Corliss Williamson\willico02,PF,31,SAC,24,4,19.6,3.3,7,0.473,0,0,,3.3,7,0.473,0.473,2.7,3.3,0.823,1.3,2.1,3.4,1.5,0.5,0.1,1.1,3.1,9.3
458,Kevin Willis\willike02,C,42,ATL,29,5,11.9,1.2,3.1,0.389,0,0.1,0,1.2,3,0.398,0.389,0.6,0.8,0.739,1,1.6,2.6,0.3,0.3,0.2,0.5,1.8,3
459,Loren Woods\woodslo01,C,26,TOR,45,30,15.8,1.6,3.6,0.433,0,0,0,1.6,3.6,0.436,0.433,0.8,1.3,0.576,1.8,3.1,4.9,0.4,0.2,0.9,0.8,1.7,3.9
460,Qyntel Woods\woodsqy01,SF,23,MIA,3,0,13.3,1.7,4,0.417,0,0,,1.7,4,0.417,0.417,0,0,,0.7,1.3,2,0,1.3,0,0.7,2,3.3
461,Metta World Peace\artesro01,SF,25,IND,7,7,41.6,8.4,17,0.496,1,2.4,0.412,7.4,14.6,0.51,0.525,6.7,7.3,0.922,1.1,5.3,6.4,3.1,1.7,0.9,2.4,3.9,24.6
462,Dorell Wright\wrighdo01,SF,19,MIA,3,0,9,1,3.7,0.273,0,1.3,0,1,2.3,0.429,0.273,0.3,0.3,1,0,0.3,0.3,1,1.3,0,1,0.7,2.3
463,Lorenzen Wright\wrighlo02,C,29,MEM,80,77,28.6,4,8.5,0.469,0,0,0,4,8.5,0.471,0.469,1.6,2.5,0.662,2.2,5.5,7.7,1.1,0.7,0.9,1.3,3.1,9.6
464,Wang Zhizhi\zhizhwa01,C,27,MIA,20,0,4.6,0.9,1.8,0.472,0.1,0.2,0.667,0.8,1.7,0.455,0.5,0.4,0.6,0.583,0.3,0.6,0.9,0.3,0.2,0.1,0.3,0.5,2.2